tag,day,round,gamma,err,ratio
no noise,2,1,0.0,0.28787590569656885,0.732076484013267
no noise,2,2,-1.5,1.212124094303431,1.4956999430197846
no noise,2,3,-0.75,0.46212409430343115,1.340215488026999
no noise,2,4,-0.375,0.08712409430343115,1.075765437641364
no noise,2,5,-0.1875,0.10037590569656885,0.9086015695489303
no noise,2,6,-0.28125,0.006625905696568846,0.9940855521757485
no noise,2,7,-0.328125,0.040249094303431154,1.0354892432674914
no noise,2,8,-0.3046875,0.016811594303431154,1.0149175798573093
no noise,2,9,-0.29296875,0.005092844303431154,1.0045327393074477
no noise,2,10,-0.287109375,0.0007665306965688456,0.9993167659890488
no noise,2,11,-0.2900390625,0.0021631568034311544,1.0019266794096098
no noise,2,12,-0.28857421875,0.0006983130534311544,1.0006222016811972
no noise,3,1,0.0,0.27605675088405246,0.7468511321036319
no noise,3,2,-1.5,1.2239432491159477,1.2962185250484606
no noise,3,3,-0.75,0.47394324911594754,1.2877384207832498
no noise,3,4,-0.375,0.09894324911594754,1.079382906712326
no noise,3,5,-0.1875,0.08855675088405246,0.9226457177233462
no noise,3,6,-0.28125,0.00519324911594754,1.0043677808692517
no noise,3,7,-0.234375,0.04168175088405246,0.9642323140741728
no noise,3,8,-0.2578125,0.01824425088405246,0.9844962953442232
no noise,3,9,-0.26953125,0.00652550088405246,0.9944828981052413
no noise,3,10,-0.275390625,0.0006661258840524598,0.9994382751604501
no noise,3,11,-0.2783203125,0.0022635616159475402,1.001906289250598
no noise,3,12,-0.27685546875,0.0007987178659475402,1.0006730941119104
no noise,4,1,0.0,0.2709588294911648,0.7471518813338978
no noise,4,2,-1.5,1.229041170508835,1.3465826414881361
no noise,4,3,-0.75,0.4790411705088352,1.3064222865497648
no noise,4,4,-0.375,0.10404117050883521,1.0858176755661768
no noise,4,5,-0.1875,0.08345882949116479,0.9255451325964764
no noise,4,6,-0.28125,0.010291170508835212,1.0088653169883686
no noise,4,7,-0.234375,0.03658382949116479,0.9678949817227461
no noise,4,8,-0.2578125,0.013146329491164788,0.9885665862326876
no noise,4,9,-0.26953125,0.0014275794911647877,0.9987642533307859
no noise,4,10,-0.275390625,0.004431795508835212,1.0038270682588961
no noise,4,11,-0.2724609375,0.0015021080088352123,1.0012987057907452
no noise,4,12,-0.27099609375,3.726425883521234e-05,1.0000322375714739
no noise,5,1,0.0,0.32236963745870784,0.736998652070298
no noise,5,2,-1.5,1.1776303625412923,1.2541799675241454
no noise,5,3,-0.75,0.42763036254129216,1.226758687497672
no noise,5,4,-0.375,0.052630362541292164,1.036851078805273
no noise,5,5,-0.1875,0.13486963745870784,0.8964565597336537
no noise,5,6,-0.28125,0.041119637458707836,0.9697319224521749
no noise,5,7,-0.328125,0.005755362541292164,1.0041359859098364
no noise,5,8,-0.3046875,0.017682137458707836,0.9871363658625129
no noise,5,9,-0.31640625,0.005963387458707836,0.9956879115673494
no noise,5,10,-0.322265625,0.00010401245870783615,0.9999250204883068
no noise,5,11,-0.3251953125,0.002825675041292164,1.0020337881249626
no noise,5,12,-0.32373046875,0.0013608312912921638,1.0009802234253642
no noise,6,1,0.0,0.311942712573562,0.7357092378290385
no noise,6,2,-1.5,1.188057287426438,1.297045478808923
no noise,6,3,-0.75,0.438057287426438,1.2508184146816386
no noise,6,4,-0.375,0.06305728742643801,1.0466390236428194
no noise,6,5,-0.1875,0.12444271257356199,0.8999909482810059
no noise,6,6,-0.28125,0.030692712573561987,0.9762459268420837
no noise,6,7,-0.328125,0.016182287426438013,1.012255013411445
no noise,6,8,-0.3046875,0.007255212573561987,0.9944442535143606
no noise,6,9,-0.31640625,0.004463537426438013,1.003399290172065
no noise,6,10,-0.310546875,0.0013958375735619866,0.9989340372010729
no noise,6,11,-0.3134765625,0.0015338499264380134,1.001169748789882
no noise,6,12,-0.31201171875,6.900617643801343e-05,1.0000526619358288
no noise,7,1,0.0,0.36886248338332817,0.7436915695890572
no noise,7,2,-1.5,1.131137516616672,1.1287930810254652
no noise,7,3,-0.75,0.38113751661667183,1.1466926825058614
no noise,7,4,-0.375,0.006137516616671834,1.0034035343860925
no noise,7,5,-0.1875,0.18136248338332817,0.8854416133720682
no noise,7,6,-0.28125,0.08761248338332817,0.947919066659289
no noise,7,7,-0.328125,0.040737483383328166,0.9765849267746748
no noise,7,8,-0.3515625,0.017299983383328166,0.9902302360108105
no noise,7,9,-0.36328125,0.005581233383328166,0.9968764544413912
no noise,7,10,-0.369140625,0.00027814161667183424,1.0001549533496974
no noise,7,11,-0.3662109375,0.0026515458833281658,0.9985194354961712
no noise,7,12,-0.36767578125,0.0011867021333281658,0.999338128351936
no noise,8,1,0.0,0.6117643124945256,0.7642585971662538
no noise,8,2,-1.5,0.8882356875054744,0.8913933458840699
no noise,8,3,-2.25,1.6382356875054744,0.719235208523858
no noise,8,4,-2.625,2.0132356875054747,0.645384111165674
no noise,8,5,-2.8125,2.2007356875054747,0.6123967559064357
no noise,8,6,-2.90625,2.2944856875054747,0.5968540634771051
no noise,8,7,-2.953125,2.3413606875054747,0.5893128645594228
no noise,8,8,-2.9765625,2.3647981875054747,0.5855987311946996
no noise,8,9,-2.98828125,2.3765169375054747,0.5837556417135803
no noise,8,10,-2.994140625,2.3823763125054747,0.5828375735705076
no noise,8,11,-2.9970703125,2.3853060000054747,0.5823794064191038
no noise,8,12,-2.99853515625,2.3867708437554747,0.5821505392938033
no noise,9,1,0.0,0.37969221585865276,0.7335779746507473
no noise,9,2,-1.5,1.1203077841413474,1.1956515732523785
no noise,9,3,-0.75,0.37030778414134724,1.1632149932324933
no noise,9,4,-0.375,0.00469221585865276,0.9972345890152245
no noise,9,5,-0.5625,0.18280778414134724,1.0945141718627167
no noise,9,6,-0.46875,0.08905778414134724,1.049338862590085
no noise,9,7,-0.421875,0.04218278414134724,1.0241257473763614
no noise,9,8,-0.3984375,0.01874528414134724,1.0108856629692633
no noise,9,9,-0.38671875,0.00702653414134724,1.0041109128719459
no noise,9,10,-0.380859375,0.0011671591413472404,1.0006853709504167
no noise,9,11,-0.3779296875,0.0017625283586527596,0.9989631251864752
no noise,9,12,-0.37939453125,0.0002976846086527596,0.9998250356034178
no noise,10,1,0.0,0.37307895195631524,0.6928692253966303
no noise,10,2,-1.5,1.1269210480436849,1.6723429053369097
no noise,10,3,-0.75,0.37692104804368476,1.2874949873004393
no noise,10,4,-0.375,0.0019210480436847588,1.0015555768129265
no noise,10,5,-0.1875,0.18557895195631524,0.8476837190165395
no noise,10,6,-0.28125,0.09182895195631524,0.9250368540211981
no noise,10,7,-0.328125,0.04495395195631524,0.963438369132447
no noise,10,8,-0.3515625,0.02151645195631524,0.9825372353798328
no noise,10,9,-0.36328125,0.009797701956315241,0.992057060594637
no noise,10,10,-0.369140625,0.003938326956315241,0.996809055804565
no noise,10,11,-0.3720703125,0.0010086394563152412,0.9991830097588558
no noise,10,12,-0.37353515625,0.0004562042936847588,1.0003694677946462
no noise,11,1,0.0,0.3466706848307338,0.7003275996885021
no noise,11,2,-1.5,1.153329315169266,1.7343343515120484
no noise,11,3,-0.75,0.4033293151692662,1.3256125485423376
no noise,11,4,-0.375,0.028329315169266178,1.0242018293432154
no noise,11,5,-0.1875,0.15917068483073382,0.8624561367288791
no noise,11,6,-0.28125,0.06542068483073382,0.9437115603151781
no noise,11,7,-0.328125,0.018545684830733822,0.9840942627116176
no noise,11,8,-0.3515625,0.004891815169266178,1.0041876445644886
no noise,11,9,-0.33984375,0.006826934830733822,0.9941502047386849
no noise,11,10,-0.345703125,0.0009675598307338218,0.9991713186569463
no noise,11,11,-0.3486328125,0.001962127669266178,1.0016800902522616
no noise,11,12,-0.34716796875,0.0004972839192661782,1.000425855348094
no noise,12,1,0.0,0.36703819762847123,0.7046445133436977
no noise,12,2,-1.5,1.1329618023715287,1.5420390402070228
no noise,12,3,-0.75,0.38296180237152877,1.2624011496396284
no noise,12,4,-0.375,0.00796180237152877,1.0060775709346044
no noise,12,5,-0.1875,0.17953819762847123,0.8583000306735888
no noise,12,6,-0.28125,0.08578819762847123,0.9332956508021153
no noise,12,7,-0.328125,0.03891319762847123,0.9700077256040892
no noise,12,8,-0.3515625,0.01547569762847123,0.9881282926604382
no noise,12,9,-0.36328125,0.00375694762847123,0.9971250005259042
no noise,12,10,-0.369140625,0.00210242737152877,1.001606884252297
no noise,12,11,-0.3662109375,0.00082726012847123,0.9993673318915561
no noise,12,12,-0.36767578125,0.00063758362152877,1.000487456716035
no noise,13,1,0.0,0.4209493902678204,0.6975852824229619
no noise,13,2,-1.5,1.0790506097321795,1.4052157591540086
no noise,13,3,-0.75,0.3290506097321796,1.1911548019877145
no noise,13,4,-0.375,0.04594939026782041,0.9694266550677587
no noise,13,5,-0.5625,0.1415506097321796,1.0886567032713124
no noise,13,6,-0.46875,0.04780060973217959,1.0309152741585146
no noise,13,7,-0.421875,0.0009256097321795886,1.0006074794765598
no noise,13,8,-0.3984375,0.02251189026782041,0.9851219515025414
no noise,13,9,-0.41015625,0.010793140267820411,0.9928914779404896
no noise,13,10,-0.416015625,0.004933765267820411,0.9967562360710588
no noise,13,11,-0.4189453125,0.0020040777678204114,0.9986835553991454
no noise,13,12,-0.42041015625,0.0005392340178204114,0.9996459428760475
no noise,14,1,0.0,0.3877759257418626,0.7008599715409044
no noise,14,2,-1.5,1.1122240742581373,1.4970299855649092
no noise,14,3,-0.75,0.3622240742581374,1.2362890113438196
no noise,14,4,-0.375,0.012775925741862593,0.9906780103835154
no noise,14,5,-0.5625,0.1747240742581374,1.12139310355325
no noise,14,6,-0.46875,0.08097407425813741,1.057755757200559
no noise,14,7,-0.421875,0.03409907425813741,1.0246103844195744
no noise,14,8,-0.3984375,0.010661574258137407,1.0077377667308038
no noise,14,9,-0.38671875,0.0010571757418625927,0.9992306667133577
no noise,14,10,-0.392578125,0.004802199258137407,1.0034899886054158
no noise,14,11,-0.3896484375,0.0018725117581374073,1.001361760997193
no noise,14,12,-0.38818359375,0.00040766800813740733,1.000296570982508
no noise,15,1,0.0,0.3636301670272092,0.7060837767366164
no noise,15,2,-1.5,1.136369832972791,1.5418602401503556
no noise,15,3,-0.75,0.3863698329727908,1.2679661642009061
no noise,15,4,-0.375,0.011369832972790817,1.0087700293142416
no noise,15,5,-0.1875,0.17613016702720918,0.8599048250226643
no noise,15,6,-0.28125,0.08238016702720918,0.9353526263192458
no noise,15,7,-0.328125,0.035505167027209183,0.9723635206116199
no noise,15,8,-0.3515625,0.012067667027209183,0.9906482398961255
no noise,15,9,-0.36328125,0.0003489170272091835,0.9997302301462704
no noise,15,10,-0.369140625,0.0055104579727908165,1.0042554940748183
no noise,15,11,-0.3662109375,0.0025807704727908165,1.0019941919218829
no noise,15,12,-0.36474609375,0.0011159267227908165,1.0008625420746726
no noise,16,1,0.0,0.3805230145201718,0.7026418682054013
no noise,16,2,-1.5,1.119476985479828,1.5161169935061967
no noise,16,3,-0.75,0.3694769854798282,1.2454985984601719
no noise,16,4,-0.375,0.005523014520171787,0.9959089387272738
no noise,16,5,-0.5625,0.1819769854798282,1.1285402934724051
no noise,16,6,-0.46875,0.08822698547982821,1.0639284100094377
no noise,16,7,-0.421875,0.04135198547982821,1.0303082638660095
no noise,16,8,-0.3984375,0.017914485479828213,1.0132012114214377
no noise,16,9,-0.38671875,0.006195735479828213,1.004577615346173
no noise,16,10,-0.380859375,0.0003363604798282127,1.000248834749563
no noise,16,11,-0.3779296875,0.0025933270201717873,0.9980802664472066
no noise,16,12,-0.37939453125,0.0011284832701717873,0.9991648967427167
no noise,17,1,0.0,0.3528375510755263,0.7006652174576852
no noise,17,2,-1.5,1.1471624489244738,1.695034344964827
no noise,17,3,-0.75,0.3971624489244737,1.3113360387221016
no noise,17,4,-0.375,0.02216244892447372,1.0185032155148905
no noise,17,5,-0.1875,0.16533755107552628,0.8600457958239249
no noise,17,6,-0.28125,0.07158755107552628,0.9397306031316556
no noise,17,7,-0.328125,0.02471255107552628,0.9792736795466004
no noise,17,8,-0.3515625,0.001275051075526279,0.9989329500075733
no noise,17,9,-0.36328125,0.010443698924473721,1.0087298686563333
no noise,17,10,-0.357421875,0.004584323924473721,1.0038342734526868
no noise,17,11,-0.3544921875,0.001654636424473721,1.0013843174494963
no noise,17,12,-0.35302734375,0.00018979267447372106,1.0001588088685234
no noise,18,1,0.0,0.36884985660943304,0.6942037217959257
no noise,18,2,-1.5,1.1311501433905669,1.7036947706741628
no noise,18,3,-0.75,0.38115014339056696,1.296864830943226
no noise,18,4,-0.375,0.0061501433905669645,1.0050467886808891
no noise,18,5,-0.1875,0.18134985660943304,0.8496513247102047
no noise,18,6,-0.28125,0.08759985660943304,0.9276520673976074
no noise,18,7,-0.328125,0.040724856609433036,0.9664626709076535
no noise,18,8,-0.3515625,0.017287356609433036,0.9857877206677397
no noise,18,9,-0.36328125,0.0055686066094330355,0.9954260859600408
no noise,18,10,-0.369140625,0.00029076839056696446,1.0002387179632641
no noise,18,11,-0.3662109375,0.0026389191094330355,0.9978329630258967
no noise,18,12,-0.36767578125,0.0011740753594330355,0.9990359818981045
no noise,19,1,0.0,0.32000725012612985,0.7180495624916686
no noise,19,2,-1.5,1.17999274987387,1.6134338389135015
no noise,19,3,-0.75,0.42999274987387015,1.3273803527772183
no noise,19,4,-0.375,0.05499274987387015,1.0465864365594815
no noise,19,5,-0.1875,0.13250725012612985,0.8845463684894912
no noise,19,6,-0.28125,0.03875725012612985,0.9666308486338921
no noise,19,7,-0.328125,0.00811774987387015,1.0069365210272794
no noise,19,8,-0.3046875,0.01531975012612985,0.9868580723822002
no noise,19,9,-0.31640625,0.0036010001261298497,0.9969168516866128
no noise,19,10,-0.322265625,0.0022583748738701503,1.001931694018003
no noise,19,11,-0.3193359375,0.0006713126261298497,0.9994255099428139
no noise,19,12,-0.32080078125,0.0007935311238701503,1.00067891310866
no noise,20,1,0.0,0.331666465572955,0.71020786621717
no noise,20,2,-1.5,1.168333534427045,1.709170400685126
no noise,20,3,-0.75,0.418333534427045,1.3364637351003388
no noise,20,4,-0.375,0.04333353442704502,1.0372935227196498
no noise,20,5,-0.1875,0.14416646557295498,0.8741793255206135
no noise,20,6,-0.28125,0.05041646557295498,0.9562344242233842
no noise,20,7,-0.328125,0.0035414655729549827,0.9969377054574887
no noise,20,8,-0.3515625,0.019896034427045017,1.017165167641688
no noise,20,9,-0.33984375,0.008177284427045017,1.007063062493294
no noise,20,10,-0.333984375,0.0023179094270450173,1.002003194891651
no noise,20,11,-0.3310546875,0.0006117780729549827,0.9994711409427119
no noise,20,12,-0.33251953125,0.0008530656770450173,1.0007373421049548
no noise,21,1,0.0,0.3499263522774919,0.7118727881803165
no noise,21,2,-1.5,1.150073647722508,1.5413916415378228
no noise,21,3,-0.75,0.4000736477225081,1.2791021999991408
no noise,21,4,-0.375,0.025073647722508086,1.0196050457656596
no noise,21,5,-0.1875,0.16242635227749191,0.8686591283558384
no noise,21,6,-0.28125,0.06867635227749191,0.9452849846866112
no noise,21,7,-0.328125,0.021801352277491914,0.9827844064174475
no noise,21,8,-0.3515625,0.0016361477225080856,1.0012857911533741
no noise,21,9,-0.33984375,0.010082602277491914,0.9920570972297885
no noise,21,10,-0.345703125,0.004223227277491914,0.9966770403989401
no noise,21,11,-0.3486328125,0.0012935397774919144,0.998982826849637
no noise,21,12,-0.35009765625,0.0001713039725080856,1.0001346632692099
no noise,22,1,0.0,0.33579799766262675,0.7227381162659067
no noise,22,2,-1.5,1.1642020023373734,1.5138605734177915
no noise,22,3,-0.75,0.41420200233737325,1.2836396213837233
no noise,22,4,-0.375,0.039202002337373254,1.030519745972548
no noise,22,5,-0.1875,0.14829799766262675,0.8800701509167997
no noise,22,6,-0.28125,0.054547997662626746,0.95662270877016
no noise,22,7,-0.328125,0.007672997662626746,0.9939593762194321
no noise,22,8,-0.3515625,0.015764502337373254,1.0123433952981615
no noise,22,9,-0.33984375,0.004045752337373254,1.003176506579708
no noise,22,10,-0.333984375,0.001813622662626746,0.9985741157989686
no noise,22,11,-0.3369140625,0.001116064837373254,1.0008768680620068
no noise,22,12,-0.33544921875,0.000348778912626746,0.9997258794924541
no noise,23,1,0.0,0.38289761779544695,0.741920354376539
no noise,23,2,-1.5,1.117102382204553,1.277632120580121
no noise,23,3,-0.75,0.36710238220455305,1.1768762812324163
no noise,23,4,-0.375,0.007897617795446954,0.9952983045325673
no noise,23,5,-0.5625,0.17960238220455305,1.0972292499657659
no noise,23,6,-0.46875,0.08585238220455305,1.0488721009850657
no noise,23,7,-0.421875,0.038977382204553046,1.0227062171997645
no noise,23,8,-0.3984375,0.015539882204553046,1.0091530913087903
no noise,23,9,-0.38671875,0.003821132204553046,1.0022628200298804
no noise,23,10,-0.380859375,0.002038242795446954,0.9987897676276662
no noise,23,11,-0.3837890625,0.000891444704553046,1.0005286046510262
no noise,23,12,-0.38232421875,0.000573399045446954,0.9996597626646804
no noise,24,1,0.0,0.3466373203731882,0.7146497909218733
no noise,24,2,-1.5,1.1533626796268117,1.529442545803259
no noise,24,3,-0.75,0.4033626796268118,1.2810409374627794
no noise,24,4,-0.375,0.028362679626811826,1.022211535549703
no noise,24,5,-0.1875,0.15913732037318817,0.8711859960754692
no noise,24,6,-0.28125,0.06538732037318817,0.9478311964458294
no noise,24,7,-0.328125,0.018512320373188174,0.9853592290472865
no noise,24,8,-0.3515625,0.004925179626811826,1.0038765615664718
no noise,24,9,-0.33984375,0.006793570373188174,0.9946398584855284
no noise,24,10,-0.345703125,0.0009341953731881736,0.9992638052919705
no noise,24,11,-0.3486328125,0.0019954921268118264,1.0015715952610202
no noise,24,12,-0.34716796875,0.0005306483768118264,1.0004180516095302
no noise,25,1,0.0,0.3509913746820007,0.7289865396836901
no noise,25,2,-1.5,1.1490086253179994,1.3069929512953782
no noise,25,3,-0.75,0.3990086253179993,1.214726750209544
no noise,25,4,-0.375,0.0240086253179993,1.0162322298658015
no noise,25,5,-0.1875,0.1634913746820007,0.8804248997016546
no noise,25,6,-0.28125,0.0697413746820007,0.9508080105019173
no noise,25,7,-0.328125,0.0228663746820007,0.9841971756843685
no noise,25,8,-0.3515625,0.0005711253179992992,1.0003904701082131
no noise,25,9,-0.33984375,0.0111476246820007,0.9923369823977418
no noise,25,10,-0.345703125,0.005288249682000701,0.9963746158729426
no noise,25,11,-0.3486328125,0.0023585621820007008,0.9983852776941008
no noise,25,12,-0.35009765625,0.0008937184320007008,0.9993885591036848
no noise,26,1,0.0,0.44208200849984325,0.7164685669481758
no noise,26,2,-1.5,1.0579179915001569,1.1421796165973472
no noise,26,3,-0.75,0.30791799150015675,1.1173457400171511
no noise,26,4,-0.375,0.06708200849984325,0.9648007236162818
no noise,26,5,-0.5625,0.12041799150015675,1.0546617958433617
no noise,26,6,-0.46875,0.02666799150015675,1.0130640072766275
no noise,26,7,-0.421875,0.02020700849984325,0.9897454800585463
no noise,26,8,-0.4453125,0.0032304915001567513,1.0016110904974391
no noise,26,9,-0.43359375,0.008488258499843249,0.9957295236258545
no noise,26,10,-0.439453125,0.0026288834998432487,0.9986831623895666
no noise,26,11,-0.4423828125,0.00030080400015675135,1.0001503458007894
no noise,26,12,-0.44091796875,0.0011640397498432487,0.9994175582524177
no noise,27,1,0.0,0.4893613343933322,0.7137643848756198
no noise,27,2,-1.5,1.0106386656066677,1.1595326089770894
no noise,27,3,-0.75,0.2606386656066678,1.0955347366418924
no noise,27,4,-0.375,0.11436133439333218,0.9446464352020032
no noise,27,5,-0.5625,0.07313866560666782,1.0311514157974941
no noise,27,6,-0.46875,0.02061133439333218,0.9906154775780802
no noise,27,7,-0.515625,0.02626366560666782,1.0115737926990445
no noise,27,8,-0.4921875,0.0028261656066678187,1.0012661533162655
no noise,27,9,-0.48046875,0.008892584393332181,0.9959835326378744
no noise,27,10,-0.486328125,0.0030332093933321813,0.998635543866905
no noise,27,11,-0.4892578125,0.00010352189333218131,0.9999535263991814
no noise,27,12,-0.49072265625,0.0013613218566678187,1.0006105096256626
no noise,28,1,0.0,0.41273861834356873,0.7429994718266603
no noise,28,2,-1.5,1.0872613816564312,1.1199847301195889
no noise,28,3,-0.75,0.33726138165643127,1.114403335258418
no noise,28,4,-0.375,0.03773861834356873,0.9816310186013505
no noise,28,5,-0.5625,0.14976138165643127,1.061720518952134
no noise,28,6,-0.46875,0.05601138165643127,1.0251755752265181
no noise,28,7,-0.421875,0.00913638165643127,1.0042772202808123
no noise,28,8,-0.3984375,0.01430111834356873,0.9931717399251677
no noise,28,9,-0.41015625,0.0025823683435687306,0.9987790269422003
no noise,28,10,-0.416015625,0.0032770066564312694,1.0015417750048605
no noise,28,11,-0.4130859375,0.0003473191564312694,1.0001638121205083
no noise,28,12,-0.41162109375,0.0011175245935687306,0.9994722720937363
no noise,29,1,0.0,0.44258547860045583,0.7228913484100524
no noise,29,2,-1.5,1.057414521399544,1.1296075164557222
no noise,29,3,-0.75,0.30741452139954417,1.1104509958102418
no noise,29,4,-0.375,0.06758547860045583,0.9659979623956496
no noise,29,5,-0.5625,0.11991452139954417,1.0517392145113953
no noise,29,6,-0.46875,0.02616452139954417,1.0122352449836691
no noise,29,7,-0.421875,0.02071047860045583,0.9899453625941008
no noise,29,8,-0.4453125,0.0027270213995441717,1.0012996508376433
no noise,29,9,-0.43359375,0.008991728600455828,0.9956746084428756
no noise,29,10,-0.439453125,0.0031323536004558283,0.9985001866008226
no noise,29,11,-0.4423828125,0.00020266610045582834,0.9999031867117752
no noise,29,12,-0.44384765625,0.0012621776495441717,1.0006022362301326
no noise,30,1,0.0,0.45298529389988407,0.7188603410503108
no noise,30,2,-1.5,1.047014706100116,1.1576212601885039
no noise,30,3,-0.75,0.29701470610011593,1.1123024637679106
no noise,30,4,-0.375,0.07798529389988407,0.9602574775902075
no noise,30,5,-0.5625,0.10951470610011593,1.048683408007623
no noise,30,6,-0.46875,0.015764706100115933,1.0075272587142952
no noise,30,7,-0.421875,0.031110293899884067,0.9846416151548719
no noise,30,8,-0.4453125,0.007672793899884067,0.9962740605766004
no noise,30,9,-0.45703125,0.004045956100115933,1.0019483154740216
no noise,30,10,-0.451171875,0.0018134188998840672,0.9991230724782644
no noise,30,11,-0.4541015625,0.0011162686001159328,1.0005386688855866
no noise,30,12,-0.45263671875,0.00034857514988406724,0.9998316139415322
no noise,31,1,0.0,0.42808410899140303,0.7164282937045606
no noise,31,2,-1.5,1.0719158910085969,1.2195160174123967
no noise,31,3,-0.75,0.32191589100859697,1.1406421483467177
no noise,31,4,-0.375,0.053084108991403034,0.9701481291851111
no noise,31,5,-0.5625,0.13441589100859697,1.0673507818598515
no noise,31,6,-0.46875,0.040665891008596966,1.021645857910242
no noise,31,7,-0.421875,0.006209108991403034,0.9966005711724694
no noise,31,8,-0.4453125,0.017228391008596966,1.0093020846289886
no noise,31,9,-0.43359375,0.005509641008596966,1.002995699157566
no noise,31,10,-0.427734375,0.00034973399140303396,0.9998091824459001
no noise,31,11,-0.4306640625,0.002579953508596966,1.0014052084140646
no noise,31,12,-0.42919921875,0.001115109758596966,1.0006078866153283
2% GMV noise,2,1,0.0,0.28787590569656885,0.7285672894136535
2% GMV noise,2,2,-1.5,1.212124094303431,1.5307655415123809
2% GMV noise,2,3,-0.75,0.46212409430343115,1.300406726809238
2% GMV noise,2,4,-0.375,0.08712409430343115,1.037437361991417
2% GMV noise,2,5,-0.1875,0.10037590569656885,0.8914363804011263
2% GMV noise,2,6,-0.28125,0.006625905696568846,1.002643325748868
2% GMV noise,2,7,-0.234375,0.053500905696568846,0.9408497252371372
2% GMV noise,2,8,-0.2578125,0.030063405696568846,0.9987306114966582
2% GMV noise,2,9,-0.26953125,0.018344655696568846,0.9868855629154542
2% GMV noise,2,10,-0.275390625,0.012485280696568846,1.0013129877619626
2% GMV noise,2,11,-0.2724609375,0.015414968196568846,0.9891751576353082
2% GMV noise,2,12,-0.27392578125,0.013950124446568846,0.9956724162407006
2% GMV noise,3,1,0.0,0.27605675088405246,0.743055432590982
2% GMV noise,3,2,-1.5,1.2239432491159477,1.3127371767317906
2% GMV noise,3,3,-0.75,0.47394324911594754,1.2685823288659215
2% GMV noise,3,4,-0.375,0.09894324911594754,1.1108123023056633
2% GMV noise,3,5,-0.1875,0.08855675088405246,0.9232153633753214
2% GMV noise,3,6,-0.28125,0.00519324911594754,1.0201133423369244
2% GMV noise,3,7,-0.234375,0.04168175088405246,0.9876873740394408
2% GMV noise,3,8,-0.2578125,0.01824425088405246,0.9793337346602565
2% GMV noise,3,9,-0.26953125,0.00652550088405246,0.9713325778241381
2% GMV noise,3,10,-0.275390625,0.0006661258840524598,0.9844914621721315
2% GMV noise,3,11,-0.2783203125,0.0022635616159475402,1.032021933699468
2% GMV noise,3,12,-0.27685546875,0.0007987178659475402,1.0273591670476656
2% GMV noise,4,1,0.0,0.2709588294911648,0.7440490278160471
2% GMV noise,4,2,-1.5,1.229041170508835,1.3638343643600646
2% GMV noise,4,3,-0.75,0.4790411705088352,1.2707205170360225
2% GMV noise,4,4,-0.375,0.10404117050883521,1.1423075069078346
2% GMV noise,4,5,-0.1875,0.08345882949116479,0.9167130678465986
2% GMV noise,4,6,-0.28125,0.010291170508835212,0.9980620050828081
2% GMV noise,4,7,-0.328125,0.05716617050883521,1.1063823127947674
2% GMV noise,4,8,-0.3046875,0.03372867050883521,1.0101278150047501
2% GMV noise,4,9,-0.29296875,0.022009920508835212,1.04745184842754
2% GMV noise,4,10,-0.287109375,0.016150545508835212,0.9852317129156177
2% GMV noise,4,11,-0.2900390625,0.019080233008835212,1.0471941683209631
2% GMV noise,4,12,-0.28857421875,0.017615389258835212,1.0553963544835285
2% GMV noise,5,1,0.0,0.32236963745870784,0.7384340225186762
2% GMV noise,5,2,-1.5,1.1776303625412923,1.2653328666414896
2% GMV noise,5,3,-0.75,0.42763036254129216,1.2458234677683762
2% GMV noise,5,4,-0.375,0.052630362541292164,1.043234405685828
2% GMV noise,5,5,-0.1875,0.13486963745870784,0.8961313930856558
2% GMV noise,5,6,-0.28125,0.041119637458707836,0.9628202589756908
2% GMV noise,5,7,-0.328125,0.005755362541292164,1.018016234393363
2% GMV noise,5,8,-0.3046875,0.017682137458707836,0.9987847829514301
2% GMV noise,5,9,-0.31640625,0.005963387458707836,1.0140964248386866
2% GMV noise,5,10,-0.310546875,0.011822762458707836,0.9674063302959371
2% GMV noise,5,11,-0.3134765625,0.008893074958707836,1.016181150752799
2% GMV noise,5,12,-0.31201171875,0.010357918708707836,1.008813805969353
2% GMV noise,6,1,0.0,0.311942712573562,0.7329755252460063
2% GMV noise,6,2,-1.5,1.188057287426438,1.253287821936514
2% GMV noise,6,3,-0.75,0.438057287426438,1.2668062015268287
2% GMV noise,6,4,-0.375,0.06305728742643801,1.0951612874499355
2% GMV noise,6,5,-0.1875,0.12444271257356199,0.9002909653733809
2% GMV noise,6,6,-0.28125,0.030692712573561987,0.9259382022167345
2% GMV noise,6,7,-0.328125,0.016182287426438013,1.014365903671918
2% GMV noise,6,8,-0.3046875,0.007255212573561987,0.9976593641064652
2% GMV noise,6,9,-0.31640625,0.004463537426438013,1.0358012907550707
2% GMV noise,6,10,-0.310546875,0.0013958375735619866,1.011139581124555
2% GMV noise,6,11,-0.3076171875,0.004325525073561987,1.007446696769319
2% GMV noise,6,12,-0.30615234375,0.005790368823561987,1.024608331408305
2% GMV noise,7,1,0.0,0.36886248338332817,0.7230866809402026
2% GMV noise,7,2,-1.5,1.131137516616672,1.147955331235932
2% GMV noise,7,3,-0.75,0.38113751661667183,1.1447575433229633
2% GMV noise,7,4,-0.375,0.006137516616671834,1.0401986654434907
2% GMV noise,7,5,-0.1875,0.18136248338332817,0.8889976764559558
2% GMV noise,7,6,-0.28125,0.08761248338332817,0.9640667202305109
2% GMV noise,7,7,-0.328125,0.040737483383328166,1.0110116219333432
2% GMV noise,7,8,-0.3046875,0.06417498338332817,0.9847393628533319
2% GMV noise,7,9,-0.31640625,0.052456233383328166,0.9330007865873664
2% GMV noise,7,10,-0.322265625,0.046596858383328166,0.9844356237211853
2% GMV noise,7,11,-0.3251953125,0.043667170883328166,0.9591025472136713
2% GMV noise,7,12,-0.32666015625,0.042202327133328166,0.9534397683820641
2% GMV noise,8,1,0.0,0.6117643124945256,0.7830868578847634
2% GMV noise,8,2,-1.5,0.8882356875054744,0.8967745067875594
2% GMV noise,8,3,-2.25,1.6382356875054744,0.714304797758888
2% GMV noise,8,4,-2.625,2.0132356875054747,0.6462778762325779
2% GMV noise,8,5,-2.8125,2.2007356875054747,0.6024667777654882
2% GMV noise,8,6,-2.90625,2.2944856875054747,0.6175112666056134
2% GMV noise,8,7,-2.953125,2.3413606875054747,0.6047400367223549
2% GMV noise,8,8,-2.9765625,2.3647981875054747,0.5979799389508962
2% GMV noise,8,9,-2.98828125,2.3765169375054747,0.5872844773184351
2% GMV noise,8,10,-2.994140625,2.3823763125054747,0.5665198245724854
2% GMV noise,8,11,-2.9970703125,2.3853060000054747,0.582673735979073
2% GMV noise,8,12,-2.99853515625,2.3867708437554747,0.5631588557695549
2% GMV noise,9,1,0.0,0.37969221585865276,0.7370012310494719
2% GMV noise,9,2,-1.5,1.1203077841413474,1.1770138531438716
2% GMV noise,9,3,-0.75,0.37030778414134724,1.178267876025499
2% GMV noise,9,4,-0.375,0.00469221585865276,0.9828795363940087
2% GMV noise,9,5,-0.5625,0.18280778414134724,1.1179102229261486
2% GMV noise,9,6,-0.46875,0.08905778414134724,1.0869890471344767
2% GMV noise,9,7,-0.421875,0.04218278414134724,1.0295301232595506
2% GMV noise,9,8,-0.3984375,0.01874528414134724,0.9927020757460474
2% GMV noise,9,9,-0.41015625,0.03046403414134724,1.010165587353446
2% GMV noise,9,10,-0.404296875,0.02460465914134724,0.9736926287415305
2% GMV noise,9,11,-0.4072265625,0.02753434664134724,1.0142603838334718
2% GMV noise,9,12,-0.40576171875,0.02606950289134724,1.0002851954922698
2% GMV noise,10,1,0.0,0.37307895195631524,0.7080734909353228
2% GMV noise,10,2,-1.5,1.1269210480436849,1.6559013419361923
2% GMV noise,10,3,-0.75,0.37692104804368476,1.2917185572538568
2% GMV noise,10,4,-0.375,0.0019210480436847588,0.9941880596042911
2% GMV noise,10,5,-0.5625,0.18942104804368476,1.1244738702282575
2% GMV noise,10,6,-0.46875,0.09567104804368476,1.0484657303170999
2% GMV noise,10,7,-0.421875,0.04879604804368476,1.0454682099267492
2% GMV noise,10,8,-0.3984375,0.02535854804368476,1.0248563014391474
2% GMV noise,10,9,-0.38671875,0.013639798043684759,1.0512383838758794
2% GMV noise,10,10,-0.380859375,0.007780423043684759,0.9887682216595843
2% GMV noise,10,11,-0.3837890625,0.010710110543684759,1.0310156678673321
2% GMV noise,10,12,-0.38232421875,0.009245266793684759,1.005283105562541
2% GMV noise,11,1,0.0,0.3466706848307338,0.7072223750178136
2% GMV noise,11,2,-1.5,1.153329315169266,1.753051397130753
2% GMV noise,11,3,-0.75,0.4033293151692662,1.3116815369490054
2% GMV noise,11,4,-0.375,0.028329315169266178,1.0207589410614657
2% GMV noise,11,5,-0.1875,0.15917068483073382,0.8828760165585935
2% GMV noise,11,6,-0.28125,0.06542068483073382,0.9583060661607198
2% GMV noise,11,7,-0.328125,0.018545684830733822,0.9959842634078692
2% GMV noise,11,8,-0.3515625,0.004891815169266178,1.0262244008926755
2% GMV noise,11,9,-0.33984375,0.006826934830733822,0.9692193928009468
2% GMV noise,11,10,-0.345703125,0.0009675598307338218,0.9639738834951539
2% GMV noise,11,11,-0.3486328125,0.001962127669266178,1.027843142822075
2% GMV noise,11,12,-0.34716796875,0.0004972839192661782,1.0165038173208911
2% GMV noise,12,1,0.0,0.36703819762847123,0.7112902844364387
2% GMV noise,12,2,-1.5,1.1329618023715287,1.4829776387191032
2% GMV noise,12,3,-0.75,0.38296180237152877,1.31789340300567
2% GMV noise,12,4,-0.375,0.00796180237152877,1.0012874636427336
2% GMV noise,12,5,-0.1875,0.17953819762847123,0.8589888148780446
2% GMV noise,12,6,-0.28125,0.08578819762847123,0.9331825136766382
2% GMV noise,12,7,-0.328125,0.03891319762847123,1.0114575239039036
2% GMV noise,12,8,-0.3046875,0.06235069762847123,0.9496748456301658
2% GMV noise,12,9,-0.31640625,0.05063194762847123,0.9601843946135524
2% GMV noise,12,10,-0.322265625,0.04477257262847123,0.9624356763228304
2% GMV noise,12,11,-0.3251953125,0.04184288512847123,0.9568565169442257
2% GMV noise,12,12,-0.32666015625,0.04037804137847123,0.9670749461473321
2% GMV noise,13,1,0.0,0.4209493902678204,0.7232074495242504
2% GMV noise,13,2,-1.5,1.0790506097321795,1.4248697624863258
2% GMV noise,13,3,-0.75,0.3290506097321796,1.2161832004443325
2% GMV noise,13,4,-0.375,0.04594939026782041,0.9636081086427297
2% GMV noise,13,5,-0.5625,0.1415506097321796,1.056590379586339
2% GMV noise,13,6,-0.46875,0.04780060973217959,1.0498613387415985
2% GMV noise,13,7,-0.421875,0.0009256097321795886,1.0072898339413663
2% GMV noise,13,8,-0.3984375,0.02251189026782041,0.9826548669453157
2% GMV noise,13,9,-0.41015625,0.010793140267820411,0.9704254840540583
2% GMV noise,13,10,-0.416015625,0.004933765267820411,1.020891663935777
2% GMV noise,13,11,-0.4130859375,0.007863452767820411,1.0031372386890036
2% GMV noise,13,12,-0.41162109375,0.009328296517820411,1.0145914695342364
2% GMV noise,14,1,0.0,0.3877759257418626,0.688366647956827
2% GMV noise,14,2,-1.5,1.1122240742581373,1.4745509578253568
2% GMV noise,14,3,-0.75,0.3622240742581374,1.2249650168326782
2% GMV noise,14,4,-0.375,0.012775925741862593,0.9530873731866836
2% GMV noise,14,5,-0.5625,0.1747240742581374,1.0642114616301754
2% GMV noise,14,6,-0.46875,0.08097407425813741,1.0835283266601288
2% GMV noise,14,7,-0.421875,0.03409907425813741,1.0193430438234525
2% GMV noise,14,8,-0.3984375,0.010661574258137407,1.0274645612948088
2% GMV noise,14,9,-0.38671875,0.0010571757418625927,0.960309387885939
2% GMV noise,14,10,-0.392578125,0.004802199258137407,1.00293620121138
2% GMV noise,14,11,-0.3896484375,0.0018725117581374073,1.0333690864852352
2% GMV noise,14,12,-0.38818359375,0.00040766800813740733,1.0090825716923963
2% GMV noise,15,1,0.0,0.3636301670272092,0.6996393588316252
2% GMV noise,15,2,-1.5,1.136369832972791,1.6173768850209735
2% GMV noise,15,3,-0.75,0.3863698329727908,1.2293073889485864
2% GMV noise,15,4,-0.375,0.011369832972790817,1.0275789684630865
2% GMV noise,15,5,-0.1875,0.17613016702720918,0.9000399914925419
2% GMV noise,15,6,-0.28125,0.08238016702720918,0.9213947238437789
2% GMV noise,15,7,-0.328125,0.035505167027209183,0.9355225856585624
2% GMV noise,15,8,-0.3515625,0.012067667027209183,0.9808561356181521
2% GMV noise,15,9,-0.36328125,0.0003489170272091835,1.0008521655503293
2% GMV noise,15,10,-0.357421875,0.0062082920272091835,1.012971636751048
2% GMV noise,15,11,-0.3544921875,0.009137979527209183,1.0471833863724829
2% GMV noise,15,12,-0.35302734375,0.010602823277209183,1.0046733456293984
2% GMV noise,16,1,0.0,0.3805230145201718,0.7094118056628222
2% GMV noise,16,2,-1.5,1.119476985479828,1.4973163377536445
2% GMV noise,16,3,-0.75,0.3694769854798282,1.2161965900415475
2% GMV noise,16,4,-0.375,0.005523014520171787,1.0173414338503801
2% GMV noise,16,5,-0.1875,0.1930230145201718,0.8532335547701441
2% GMV noise,16,6,-0.28125,0.09927301452017179,0.9034175774855108
2% GMV noise,16,7,-0.328125,0.05239801452017179,0.9547359448798424
2% GMV noise,16,8,-0.3515625,0.028960514520171787,1.0061685634557824
2% GMV noise,16,9,-0.33984375,0.04067926452017179,0.9895160238025148
2% GMV noise,16,10,-0.345703125,0.03481988952017179,0.9482684376906767
2% GMV noise,16,11,-0.3486328125,0.03189020202017179,0.9434170858320089
2% GMV noise,16,12,-0.35009765625,0.030425358270171787,0.9709215257198825
2% GMV noise,17,1,0.0,0.3528375510755263,0.6865722331384088
2% GMV noise,17,2,-1.5,1.1471624489244738,1.6834949981525142
2% GMV noise,17,3,-0.75,0.3971624489244737,1.3212625774823037
2% GMV noise,17,4,-0.375,0.02216244892447372,0.9926291524790799
2% GMV noise,17,5,-0.5625,0.20966244892447372,1.1837967572829162
2% GMV noise,17,6,-0.46875,0.11591244892447372,1.0388722677308893
2% GMV noise,17,7,-0.421875,0.06903744892447372,1.0378824199538894
2% GMV noise,17,8,-0.3984375,0.04559994892447372,1.027583787557665
2% GMV noise,17,9,-0.38671875,0.03388119892447372,1.0307473468029522
2% GMV noise,17,10,-0.380859375,0.02802182392447372,1.0277322806374312
2% GMV noise,17,11,-0.3779296875,0.02509213642447372,1.049680420617799
2% GMV noise,17,12,-0.37646484375,0.02362729267447372,1.023667440410034
2% GMV noise,18,1,0.0,0.36884985660943304,0.6833322925280395
2% GMV noise,18,2,-1.5,1.1311501433905669,1.7047309634598702
2% GMV noise,18,3,-0.75,0.38115014339056696,1.2857370453116992
2% GMV noise,18,4,-0.375,0.0061501433905669645,0.9978585490982045
2% GMV noise,18,5,-0.5625,0.19365014339056696,1.1530967718330867
2% GMV noise,18,6,-0.46875,0.09990014339056696,1.092920393083397
2% GMV noise,18,7,-0.421875,0.053025143390566964,1.087966457091731
2% GMV noise,18,8,-0.3984375,0.029587643390566964,1.0129985460424262
2% GMV noise,18,9,-0.38671875,0.017868893390566964,1.0062412758583266
2% GMV noise,18,10,-0.380859375,0.012009518390566964,1.000868989829109
2% GMV noise,18,11,-0.3779296875,0.009079830890566964,0.951162484454432
2% GMV noise,18,12,-0.37939453125,0.010544674640566964,0.9859172539113277
2% GMV noise,19,1,0.0,0.32000725012612985,0.7103162814554872
2% GMV noise,19,2,-1.5,1.17999274987387,1.591393855108856
2% GMV noise,19,3,-0.75,0.42999274987387015,1.288582721975066
2% GMV noise,19,4,-0.375,0.05499274987387015,1.0019330217509061
2% GMV noise,19,5,-0.1875,0.13250725012612985,0.8933526048142143
2% GMV noise,19,6,-0.28125,0.03875725012612985,0.9814725672583484
2% GMV noise,19,7,-0.328125,0.00811774987387015,1.0029840290625447
2% GMV noise,19,8,-0.3046875,0.01531975012612985,0.9451268530520572
2% GMV noise,19,9,-0.31640625,0.0036010001261298497,1.0323889832379791
2% GMV noise,19,10,-0.310546875,0.00946037512612985,1.0006481883828768
2% GMV noise,19,11,-0.3076171875,0.01239006262612985,1.0154404305938425
2% GMV noise,19,12,-0.30615234375,0.01385490637612985,0.993495116632896
2% GMV noise,20,1,0.0,0.331666465572955,0.7022067727568321
2% GMV noise,20,2,-1.5,1.168333534427045,1.7290464691506338
2% GMV noise,20,3,-0.75,0.418333534427045,1.3383371351990019
2% GMV noise,20,4,-0.375,0.04333353442704502,1.0350593166755302
2% GMV noise,20,5,-0.1875,0.14416646557295498,0.8494764505742634
2% GMV noise,20,6,-0.28125,0.05041646557295498,0.9322114808128292
2% GMV noise,20,7,-0.328125,0.0035414655729549827,1.0137087777977087
2% GMV noise,20,8,-0.3046875,0.026978965572954983,0.9930639510304827
2% GMV noise,20,9,-0.31640625,0.015260215572954983,1.0267013327360108
2% GMV noise,20,10,-0.310546875,0.021119590572954983,0.9809693177362223
2% GMV noise,20,11,-0.3134765625,0.018189903072954983,0.9906101085401061
2% GMV noise,20,12,-0.31494140625,0.016725059322954983,0.9704429384341232
2% GMV noise,21,1,0.0,0.3499263522774919,0.726764233520144
2% GMV noise,21,2,-1.5,1.150073647722508,1.5335361931888556
2% GMV noise,21,3,-0.75,0.4000736477225081,1.3115538942054676
2% GMV noise,21,4,-0.375,0.025073647722508086,1.005143829433138
2% GMV noise,21,5,-0.1875,0.16242635227749191,0.8445001513048469
2% GMV noise,21,6,-0.28125,0.06867635227749191,0.9477068926236972
2% GMV noise,21,7,-0.328125,0.021801352277491914,0.9638009605910971
2% GMV noise,21,8,-0.3515625,0.0016361477225080856,0.988271999670476
2% GMV noise,21,9,-0.36328125,0.013354897722508086,1.0150909239964685
2% GMV noise,21,10,-0.357421875,0.007495522722508086,0.9853519005289155
2% GMV noise,21,11,-0.3603515625,0.010425210222508086,0.9956980218269924
2% GMV noise,21,12,-0.36181640625,0.011890053972508086,1.0211449857288089
2% GMV noise,22,1,0.0,0.33579799766262675,0.7189889106205212
2% GMV noise,22,2,-1.5,1.1642020023373734,1.5185675688391485
2% GMV noise,22,3,-0.75,0.41420200233737325,1.2898155827506177
2% GMV noise,22,4,-0.375,0.039202002337373254,0.9980699449985884
2% GMV noise,22,5,-0.5625,0.22670200233737325,1.1957074071575298
2% GMV noise,22,6,-0.46875,0.13295200233737325,1.0544345870681349
2% GMV noise,22,7,-0.421875,0.08607700233737325,1.0339256773582142
2% GMV noise,22,8,-0.3984375,0.06263950233737325,1.0152309632563588
2% GMV noise,22,9,-0.38671875,0.050920752337373254,1.0478029030991238
2% GMV noise,22,10,-0.380859375,0.045061377337373254,1.0625728664170344
2% GMV noise,22,11,-0.3779296875,0.042131689837373254,1.0404406958279495
2% GMV noise,22,12,-0.37646484375,0.040666846087373254,1.0524277629457326
2% GMV noise,23,1,0.0,0.38289761779544695,0.6973988729884869
2% GMV noise,23,2,-1.5,1.117102382204553,1.2596862822520265
2% GMV noise,23,3,-0.75,0.36710238220455305,1.1799310800268086
2% GMV noise,23,4,-0.375,0.007897617795446954,0.9997900781896393
2% GMV noise,23,5,-0.5625,0.17960238220455305,1.0973806957590706
2% GMV noise,23,6,-0.46875,0.08585238220455305,1.0408751148418407
2% GMV noise,23,7,-0.421875,0.038977382204553046,1.0144638003349955
2% GMV noise,23,8,-0.3984375,0.015539882204553046,1.0157765995049353
2% GMV noise,23,9,-0.38671875,0.003821132204553046,1.0257518719129597
2% GMV noise,23,10,-0.380859375,0.002038242795446954,0.9826060310559152
2% GMV noise,23,11,-0.3837890625,0.000891444704553046,0.9713513777290886
2% GMV noise,23,12,-0.38525390625,0.002356288454553046,0.9889113247448165
2% GMV noise,24,1,0.0,0.3466373203731882,0.6811853171654134
2% GMV noise,24,2,-1.5,1.1533626796268117,1.5371894520346605
2% GMV noise,24,3,-0.75,0.4033626796268118,1.268087053049745
2% GMV noise,24,4,-0.375,0.028362679626811826,1.0280697541876405
2% GMV noise,24,5,-0.1875,0.15913732037318817,0.8935056171925406
2% GMV noise,24,6,-0.28125,0.06538732037318817,0.9359778036324746
2% GMV noise,24,7,-0.328125,0.018512320373188174,0.9724081181992076
2% GMV noise,24,8,-0.3515625,0.004925179626811826,1.0142317013039346
2% GMV noise,24,9,-0.33984375,0.006793570373188174,0.9947819249198554
2% GMV noise,24,10,-0.345703125,0.0009341953731881736,1.0028922218964773
2% GMV noise,24,11,-0.3427734375,0.0038638828731881736,0.9795277014897821
2% GMV noise,24,12,-0.34423828125,0.0023990391231881736,1.0092255660829594
2% GMV noise,25,1,0.0,0.3509913746820007,0.7404889083156224
2% GMV noise,25,2,-1.5,1.1490086253179994,1.321435932225906
2% GMV noise,25,3,-0.75,0.3990086253179993,1.183979140205619
2% GMV noise,25,4,-0.375,0.0240086253179993,1.0148778368718885
2% GMV noise,25,5,-0.1875,0.1634913746820007,0.8731113199054189
2% GMV noise,25,6,-0.28125,0.0697413746820007,0.9784932344537575
2% GMV noise,25,7,-0.328125,0.0228663746820007,0.9623051834443092
2% GMV noise,25,8,-0.3515625,0.0005711253179992992,0.986459822263093
2% GMV noise,25,9,-0.36328125,0.0122898753179993,1.0321045690997654
2% GMV noise,25,10,-0.357421875,0.006430500317999299,1.0010094324295067
2% GMV noise,25,11,-0.3544921875,0.0035008128179992992,1.005546852709116
2% GMV noise,25,12,-0.35302734375,0.0020359690679992992,0.9603204902940311
2% GMV noise,26,1,0.0,0.44208200849984325,0.7165290045528081
2% GMV noise,26,2,-1.5,1.0579179915001569,1.165906540815626
2% GMV noise,26,3,-0.75,0.30791799150015675,1.0977576925767043
2% GMV noise,26,4,-0.375,0.06708200849984325,0.9727166908821687
2% GMV noise,26,5,-0.5625,0.12041799150015675,1.0438401398787434
2% GMV noise,26,6,-0.46875,0.02666799150015675,1.0214237548709182
2% GMV noise,26,7,-0.421875,0.02020700849984325,1.0435403066531534
2% GMV noise,26,8,-0.3984375,0.04364450849984325,0.9726685498395152
2% GMV noise,26,9,-0.41015625,0.03192575849984325,0.9928306093016054
2% GMV noise,26,10,-0.416015625,0.02606638349984325,1.0036883820516114
2% GMV noise,26,11,-0.4130859375,0.02899607099984325,0.9925847793021166
2% GMV noise,26,12,-0.41455078125,0.02753122724984325,0.9837469758697248
2% GMV noise,27,1,0.0,0.4893613343933322,0.7118469278785725
2% GMV noise,27,2,-1.5,1.0106386656066677,1.1885578748514318
2% GMV noise,27,3,-0.75,0.2606386656066678,1.0856771462334711
2% GMV noise,27,4,-0.375,0.11436133439333218,0.9894204063865978
2% GMV noise,27,5,-0.5625,0.07313866560666782,1.0241390192478814
2% GMV noise,27,6,-0.46875,0.02061133439333218,0.9919792625637239
2% GMV noise,27,7,-0.515625,0.02626366560666782,1.0382831923422975
2% GMV noise,27,8,-0.4921875,0.0028261656066678187,1.026246145366602
2% GMV noise,27,9,-0.48046875,0.008892584393332181,0.9828441122339255
2% GMV noise,27,10,-0.486328125,0.0030332093933321813,0.9810045456734033
2% GMV noise,27,11,-0.4892578125,0.00010352189333218131,0.9961715188683044
2% GMV noise,27,12,-0.49072265625,0.0013613218566678187,0.9796476366512934
2% GMV noise,28,1,0.0,0.41273861834356873,0.7425921609374524
2% GMV noise,28,2,-1.5,1.0872613816564312,1.0849148374849749
2% GMV noise,28,3,-0.75,0.33726138165643127,1.1323091598978505
2% GMV noise,28,4,-0.375,0.03773861834356873,0.9671474248985245
2% GMV noise,28,5,-0.5625,0.14976138165643127,1.0538109229449129
2% GMV noise,28,6,-0.46875,0.05601138165643127,0.9966630780848054
2% GMV noise,28,7,-0.515625,0.10288638165643127,1.0399070104208434
2% GMV noise,28,8,-0.4921875,0.07944888165643127,1.028953607349316
2% GMV noise,28,9,-0.48046875,0.06773013165643127,1.0288326891646538
2% GMV noise,28,10,-0.474609375,0.06187075665643127,1.0129147966496972
2% GMV noise,28,11,-0.4716796875,0.05894106915643127,1.0396010800486335
2% GMV noise,28,12,-0.47021484375,0.05747622540643127,0.9940574707436853
2% GMV noise,29,1,0.0,0.44258547860045583,0.7588872466462395
2% GMV noise,29,2,-1.5,1.057414521399544,1.1533851133347421
2% GMV noise,29,3,-0.75,0.30741452139954417,1.12321160623001
2% GMV noise,29,4,-0.375,0.06758547860045583,0.9760680314976328
2% GMV noise,29,5,-0.5625,0.11991452139954417,1.082093909843944
2% GMV noise,29,6,-0.46875,0.02616452139954417,1.0237723881753062
2% GMV noise,29,7,-0.421875,0.02071047860045583,1.0074430676384456
2% GMV noise,29,8,-0.3984375,0.04414797860045583,0.9912838370827092
2% GMV noise,29,9,-0.41015625,0.03242922860045583,0.9635525940184435
2% GMV noise,29,10,-0.416015625,0.02656985360045583,1.020121673573817
2% GMV noise,29,11,-0.4130859375,0.02949954110045583,1.0302878587856212
2% GMV noise,29,12,-0.41162109375,0.03096438485045583,0.9682191792401161
2% GMV noise,30,1,0.0,0.45298529389988407,0.7048362873518838
2% GMV noise,30,2,-1.5,1.047014706100116,1.1278953287283098
2% GMV noise,30,3,-0.75,0.29701470610011593,1.1158802735301712
2% GMV noise,30,4,-0.375,0.07798529389988407,0.9384337534570526
2% GMV noise,30,5,-0.5625,0.10951470610011593,1.0730312868959935
2% GMV noise,30,6,-0.46875,0.015764706100115933,1.0060154311969218
2% GMV noise,30,7,-0.421875,0.031110293899884067,0.9775589517299396
2% GMV noise,30,8,-0.4453125,0.007672793899884067,1.0043879479061932
2% GMV noise,30,9,-0.43359375,0.019391543899884067,0.9717541818373759
2% GMV noise,30,10,-0.439453125,0.013532168899884067,0.9717719199596577
2% GMV noise,30,11,-0.4423828125,0.010602481399884067,1.0046301445719095
2% GMV noise,30,12,-0.44091796875,0.012067325149884067,0.9751894755155136
2% GMV noise,31,1,0.0,0.42808410899140303,0.7266524016922669
2% GMV noise,31,2,-1.5,1.0719158910085969,1.1850959898094198
2% GMV noise,31,3,-0.75,0.32191589100859697,1.1048395085745124
2% GMV noise,31,4,-0.375,0.053084108991403034,0.9451492547094866
2% GMV noise,31,5,-0.5625,0.13441589100859697,1.0741646226237933
2% GMV noise,31,6,-0.46875,0.040665891008596966,1.01128214730076
2% GMV noise,31,7,-0.421875,0.006209108991403034,0.9872404585375654
2% GMV noise,31,8,-0.4453125,0.017228391008596966,0.9729076698726015
2% GMV noise,31,9,-0.45703125,0.028947141008596966,1.0110403502659637
2% GMV noise,31,10,-0.451171875,0.023087766008596966,0.9887597463708712
2% GMV noise,31,11,-0.4541015625,0.026017453508596966,1.0127110901473348
2% GMV noise,31,12,-0.45263671875,0.024552609758596966,1.009985903961573
