day,gamma_hat,delta_gamma,gamma,mu_star,converged,iterations,gmv_miss_pct,profit_change_pct,lagrangian_loss_pct,lagrangian_loss_at0_pct
1,-0.25257596950068756,-0.2,-0.45257596950068757,0.49826030389594655,True,9,7.986795635801838,-38.482560293766376,14.542147446371006,7.566505494433401
1,-0.25257596950068756,-0.1,-0.3525759695006876,0.49826030389594655,True,9,4.342454344399363,-20.50035506797527,11.228562901520132,7.566505494433401
1,-0.25257596950068756,-0.05,-0.30257596950068755,0.49826030389594655,True,9,2.325277906119512,-10.710132778574572,9.444856124434649,7.566505494433401
1,-0.25257596950068756,-0.02,-0.2725759695006876,0.49826030389594655,True,9,0.9910456861644221,-4.427564356130236,8.324692340098476,7.566505494433401
1,-0.25257596950068756,0.0,-0.25257596950068756,0.49826030389594655,True,9,2.14164325244248e-06,0.0,7.566505494433401,7.566505494433401
1,-0.25257596950068756,0.02,-0.23257596950068757,0.49826030389594655,True,9,-1.0424358992127838,4.254482131112973,6.8934234861133685,7.566505494433401
1,-0.25257596950068756,0.05,-0.20257596950068757,0.49826030389594655,True,9,-2.701494280553516,10.295100299058566,6.047900848212608,7.566505494433401
1,-0.25257596950068756,0.1,-0.15257596950068755,0.49826030389594655,True,9,-5.715655574556052,19.3939400132733,5.091316920119137,7.566505494433401
1,-0.25257596950068756,0.2,-0.05257596950068755,0.49826030389594655,True,9,-12.623237114040297,33.613395446348456,4.948397929085903,7.566505494433401
2,-0.25835098281424473,-0.2,-0.45835098281424475,0.3988508467425868,True,6,15.828558841038825,-35.311683662127486,4.441506829331203,0.8235755505622858
2,-0.25835098281424473,-0.1,-0.3583509828142447,0.3988508467425868,True,7,8.796849385146626,-17.752972463807094,2.1272797602938485,0.8235755505622858
2,-0.25835098281424473,-0.05,-0.3083509828142447,0.3988508467425868,True,7,4.629953963408092,-8.725110260620713,1.2760779429479834,0.8235755505622858
2,-0.25835098281424473,-0.02,-0.27835098281424475,0.3988508467425868,True,6,1.9789773891361657,-3.581768100967004,0.9612368043901843,0.8235755505622858
2,-0.25835098281424473,0.0,-0.25835098281424473,0.3988508467425868,True,6,-6.12663427916276e-06,0.0,0.8235755505622858,0.8235755505622858
2,-0.25835098281424473,0.02,-0.23835098281424474,0.3988508467425868,True,6,-1.9921819939091614,3.353758153270878,0.7801365580168289,0.8235755505622858
2,-0.25835098281424473,0.05,-0.20835098281424475,0.3988508467425868,True,6,-4.993245448488833,7.939824978886041,0.8907560448103872,0.8235755505622858
2,-0.25835098281424473,0.1,-0.15835098281424473,0.3988508467425868,True,6,-10.017569543178775,14.407912782632712,1.5329128109324899,0.8235755505622858
2,-0.25835098281424473,0.2,-0.05835098281424472,0.3988508467425868,True,6,-20.07435619191506,23.047576781014147,4.445055286265068,0.8235755505622858
3,-0.24097572010262333,-0.2,-0.4409757201026233,0.41704258771163727,True,7,14.838889795642112,-35.64488493741518,4.882448832069088,1.215032280955724
3,-0.24097572010262333,-0.1,-0.34097572010262334,0.41704258771163727,True,7,8.438709347271029,-18.499096839036092,2.657490159074999,1.215032280955724
3,-0.24097572010262333,-0.05,-0.29097572010262335,0.41704258771163727,True,7,4.736397110378183,-9.91475238203851,1.8546634970348779,1.215032280955724
3,-0.24097572010262333,-0.02,-0.2609757201026233,0.41704258771163727,True,7,1.958127914107759,-3.911634051569235,1.411461953815754,1.215032280955724
3,-0.24097572010262333,0.0,-0.24097572010262333,0.41704258771163727,True,7,-7.700679333745172e-06,0.0,1.215032280955724,1.215032280955724
3,-0.24097572010262333,0.02,-0.22097572010262334,0.41704258771163727,True,7,-1.976093043836731,3.6537484936818294,1.123432870185083,1.215032280955724
3,-0.24097572010262333,0.05,-0.19097572010262331,0.41704258771163727,True,7,-4.969524792540525,8.649830634619528,1.180236067959057,1.215032280955724
3,-0.24097572010262333,0.1,-0.14097572010262333,0.41704258771163727,True,7,-10.020020556160357,15.687209297272656,1.7813716877260841,1.215032280955724
3,-0.24097572010262333,0.2,-0.04097572010262332,0.41704258771163727,True,7,-20.23945906515112,25.01490622555345,4.780874487666839,1.215032280955724
4,-0.23591710650216313,-0.2,-0.43591710650216314,0.40202656680801674,True,7,15.778556999885083,-37.42506857428695,5.36008243823955,1.1015978283192356
4,-0.23591710650216313,-0.1,-0.3359171065021631,0.40202656680801674,True,8,8.90843980936311,-19.068893460435277,2.7364458106097005,1.1015978283192356
4,-0.23591710650216313,-0.05,-0.2859171065021631,0.40202656680801674,True,7,4.897261315054118,-9.79772644902685,1.7445596430165564,1.1015978283192356
4,-0.23591710650216313,-0.02,-0.25591710650216315,0.40202656680801674,True,7,1.9928551066026878,-3.778328616612459,1.285326582756496,1.1015978283192356
4,-0.23591710650216313,0.0,-0.23591710650216313,0.40202656680801674,True,7,-5.550088889196074e-06,0.0,1.1015978283192356,1.1015978283192356
4,-0.23591710650216313,0.02,-0.21591710650216314,0.40202656680801674,True,7,-2.0094880042522076,3.524269838291441,1.0229533268940691,1.1015978283192356
4,-0.23591710650216313,0.05,-0.18591710650216314,0.40202656680801674,True,7,-5.050765477972865,8.333543782385346,1.0997756874338935,1.1015978283192356
4,-0.23591710650216313,0.1,-0.13591710650216313,0.40202656680801674,True,7,-10.17587765770016,15.079693162317302,1.7363712340925088,1.1015978283192356
4,-0.23591710650216313,0.2,-0.03591710650216312,0.40202656680801674,True,6,-20.530457057848814,23.897722343597376,4.8189158193615995,1.1015978283192356
5,-0.27738564708859065,-0.2,-0.47738564708859066,0.476084095782053,True,6,13.060222953312314,-36.69962765248265,4.796238180230006,1.4108811453979049
5,-0.27738564708859065,-0.1,-0.3773856470885907,0.476084095782053,True,7,7.327685605250316,-19.120995584182545,2.829902596552338,1.4108811453979049
5,-0.27738564708859065,-0.05,-0.32738564708859064,0.476084095782053,True,7,3.820752860590194,-9.317297157432455,1.9374975293819285,1.4108811453979049
5,-0.27738564708859065,-0.02,-0.29738564708859067,0.476084095782053,True,7,1.5678475769324167,-3.6652076947528096,1.5752974374159192,1.4108811453979049
5,-0.27738564708859065,0.0,-0.27738564708859065,0.476084095782053,True,7,3.946272404463871e-06,0.0,1.4108811453979049,1.4108811453979049
5,-0.27738564708859065,0.02,-0.25738564708859063,0.476084095782053,True,7,-1.7353420650221432,3.8400369777912244,1.299731402109535,1.4108811453979049
5,-0.27738564708859065,0.05,-0.22738564708859066,0.476084095782053,True,7,-4.374596332716012,9.166841810217663,1.2984737815767198,1.4108811453979049
5,-0.27738564708859065,0.1,-0.17738564708859064,0.476084095782053,True,7,-8.858017405394136,16.881022411916803,1.732513351225434,1.4108811453979049
5,-0.27738564708859065,0.2,-0.07738564708859064,0.476084095782053,True,6,-18.059773207940157,27.94213604631155,4.1826213747317,1.4108811453979049
6,-0.27624406920702677,-0.2,-0.4762440692070268,0.4652175050302072,True,7,13.997620255249439,-38.27197422840691,4.592520777850145,1.1316056203255602
6,-0.27624406920702677,-0.1,-0.3762440692070268,0.4652175050302072,True,7,7.731056560950201,-19.398581238365797,2.467373404198217,1.1316056203255602
6,-0.27624406920702677,-0.05,-0.32624406920702675,0.4652175050302072,True,7,4.005944506054828,-9.38845236885522,1.604255276298783,1.1316056203255602
6,-0.27624406920702677,-0.02,-0.2962440692070268,0.4652175050302072,True,7,1.6448583929952498,-3.6999633963689127,1.2743827214668288,1.1316056203255602
6,-0.27624406920702677,0.0,-0.27624406920702677,0.4652175050302072,True,7,-2.584945446083671e-06,0.0,1.1316056203255602,1.1316056203255602
6,-0.27624406920702677,0.02,-0.25624406920702675,0.4652175050302072,True,7,-1.7945818359199441,3.8316480687310865,1.0437141014734166,1.1316056203255602
6,-0.27624406920702677,0.05,-0.22624406920702678,0.4652175050302072,True,7,-4.518999190104524,9.13598779787121,1.0799516393056952,1.1316056203255602
6,-0.27624406920702677,0.1,-0.17624406920702676,0.4652175050302072,True,7,-9.134298473588888,16.78920147244504,1.5824035407384778,1.1316056203255602
6,-0.27624406920702677,0.2,-0.07624406920702675,0.4652175050302072,True,6,-18.560525777871597,27.65796068537382,4.184748408725671,1.1316056203255602
7,-0.31379454619907793,-0.2,-0.5137945461990779,0.5625961125999498,True,7,10.812679765038116,-38.36895488044761,5.522090453936956,2.1366688520774018
7,-0.31379454619907793,-0.1,-0.41379454619907796,0.5625961125999498,True,7,6.048171017814072,-20.049431493008523,3.629173574144378,2.1366688520774018
7,-0.31379454619907793,-0.05,-0.3637945461990779,0.5625961125999498,True,7,3.2227365979812173,-10.366437866899657,2.84197498941653,2.1366688520774018
7,-0.31379454619907793,-0.02,-0.33379454619907795,0.5625961125999498,True,7,1.322945790769627,-4.07501254805464,2.374953792706607,2.1366688520774018
7,-0.31379454619907793,0.0,-0.31379454619907793,0.5625961125999498,True,7,1.6985870958543653e-08,0.0,2.1366688520774018,2.1366688520774018
7,-0.31379454619907793,0.02,-0.2937945461990779,0.5625961125999498,True,7,-1.350345320292185,3.896178818443138,1.9682037573888784,2.1366688520774018
7,-0.31379454619907793,0.05,-0.26379454619907794,0.5625961125999498,True,7,-3.506846507454403,9.656287408842221,1.83039322265981,2.1366688520774018
7,-0.31379454619907793,0.1,-0.21379454619907792,0.5625961125999498,True,7,-7.342475683267345,18.56507134205009,1.964787585696307,2.1366688520774018
7,-0.31379454619907793,0.2,-0.11379454619907792,0.5625961125999498,True,7,-15.408036528177568,32.28826226090711,3.6702363383111414,2.1366688520774018
8,-0.42674864263183315,-0.2,-0.6267486426318332,0.8063978829217269,True,8,5.552834589497522,-38.19432232263164,7.401776798289197,4.951631553387328
8,-0.42674864263183315,-0.1,-0.5267486426318332,0.8063978829217269,True,8,3.3662516554855926,-21.70851942259682,6.181573408573272,4.951631553387328
8,-0.42674864263183315,-0.05,-0.47674864263183314,0.8063978829217269,True,8,1.8433343519646712,-11.456302265916856,5.5489800961292035,4.951631553387328
8,-0.42674864263183315,-0.02,-0.44674864263183317,0.8063978829217269,True,8,0.753321726167891,-4.581933413429943,5.178095186518555,4.951631553387328
8,-0.42674864263183315,0.0,-0.42674864263183315,0.8063978829217269,True,8,1.5269493572247003e-08,0.0,4.951631553387328,4.951631553387328
8,-0.42674864263183315,0.02,-0.40674864263183313,0.8063978829217269,True,8,-0.7883904668382019,4.678704732024546,4.735210396112567,4.951631553387328
8,-0.42674864263183315,0.05,-0.37674864263183316,0.8063978829217269,True,8,-2.022724874101239,11.823732589484367,4.428193788292091,4.951631553387328
8,-0.42674864263183315,0.1,-0.3267486426318331,0.8063978829217269,True,8,-4.249501363942929,24.869610268878475,3.846763204987512,4.951631553387328
8,-0.42674864263183315,0.2,-0.22674864263183314,0.8063978829217269,True,8,-9.512792507641485,49.186259606515776,3.6240791399321775,4.951631553387328
9,-0.35718575140305087,-0.2,-0.5571857514030509,0.6050059292923758,True,7,10.017034534955007,-35.767845439483146,3.9542702090666437,1.6718201262204169
9,-0.35718575140305087,-0.1,-0.45718575140305084,0.6050059292923758,True,7,5.628205591015724,-18.765092536727828,2.601412567898401,1.6718201262204169
9,-0.35718575140305087,-0.05,-0.40718575140305086,0.6050059292923758,True,7,2.9750123839651965,-9.574935614740975,2.0720137951572823,1.6718201262204169
9,-0.35718575140305087,-0.02,-0.3771857514030509,0.6050059292923758,True,7,1.2420135921686306,-3.95517496789791,1.8277154252631995,1.6718201262204169
9,-0.35718575140305087,0.0,-0.35718575140305087,0.6050059292923758,True,7,6.392184923535679e-07,0.0,1.6718201262204169,1.6718201262204169
9,-0.35718575140305087,0.02,-0.33718575140305085,0.6050059292923758,True,7,-1.298990272646163,4.015729014947139,1.5408067403967063,1.6718201262204169
9,-0.35718575140305087,0.05,-0.3071857514030509,0.6050059292923758,True,7,-3.3225234891775353,9.831992734644826,1.4531310249970029,1.6718201262204169
9,-0.35718575140305087,0.1,-0.2571857514030509,0.6050059292923758,True,7,-6.903624367521493,18.88832526144651,1.6257118293746309,1.6718201262204169
9,-0.35718575140305087,0.2,-0.15718575140305086,0.6050059292923758,True,7,-14.666656888614996,33.86272576290279,3.2340252598543033,1.6718201262204169
10,-0.36847071530950687,-0.2,-0.5684707153095069,0.47808699495533447,True,6,13.439836572447248,-35.215525218375035,2.7097653626436693,0.32241500806293855
10,-0.36847071530950687,-0.1,-0.4684707153095069,0.47808699495533447,True,6,7.248346003172166,-17.175316233287887,1.0205033482356196,0.32241500806293855
10,-0.36847071530950687,-0.05,-0.41847071530950686,0.47808699495533447,True,6,3.702862401648895,-8.268192534654625,0.5149161140405449,0.32241500806293855
10,-0.36847071530950687,-0.02,-0.3884707153095069,0.47808699495533447,True,6,1.4996486522155403,-3.223063530250745,0.35965591501892086,0.32241500806293855
10,-0.36847071530950687,0.0,-0.36847071530950687,0.47808699495533447,True,6,2.04892972633516e-06,0.0,0.32241500806293855,0.32241500806293855
10,-0.36847071530950687,0.02,-0.34847071530950685,0.47808699495533447,True,6,-1.5804519561784107,3.2749780228427277,0.3226658369147924,0.32241500806293855
10,-0.36847071530950687,0.05,-0.3184707153095069,0.47808699495533447,True,6,-4.076355464468785,8.1272199057604,0.4267756307839689,0.32241500806293855
10,-0.36847071530950687,0.1,-0.26847071530950684,0.47808699495533447,True,6,-8.306545705320726,15.402680200866152,0.9108812538110366,0.32241500806293855
10,-0.36847071530950687,0.2,-0.16847071530950686,0.47808699495533447,True,6,-16.875878318295214,26.622722699025353,3.0328897057643314,0.32241500806293855
11,-0.34138815926341093,-0.2,-0.5413881592634109,0.44388101182609857,True,6,15.14211916833819,-36.783263106647496,3.1599685527396857,0.29353261490062144
11,-0.34138815926341093,-0.1,-0.4413881592634109,0.44388101182609857,True,6,8.249922556076774,-17.978813942067422,1.1419213637886918,0.29353261490062144
11,-0.34138815926341093,-0.05,-0.3913881592634109,0.44388101182609857,True,6,4.236662311735085,-8.701449608771085,0.5453761860412703,0.29353261490062144
11,-0.34138815926341093,-0.02,-0.36138815926341095,0.44388101182609857,True,6,1.7519078295312527,-3.4925912602260376,0.3611543943439597,0.29353261490062144
11,-0.34138815926341093,0.0,-0.34138815926341093,0.44388101182609857,True,6,1.0632386556213589e-09,0.0,0.29353261490062144,0.29353261490062144
11,-0.34138815926341093,0.02,-0.3213881592634109,0.44388101182609857,True,6,-1.7625270610581745,3.31893084892501,0.29290463279197715,0.29353261490062144
11,-0.34138815926341093,0.05,-0.29138815926341094,0.44388101182609857,True,6,-4.413803975366126,7.945922755698806,0.4184089114909508,0.29353261490062144
11,-0.34138815926341093,0.1,-0.24138815926341092,0.44388101182609857,True,6,-8.89967284438966,14.800374641442458,0.9678123135144877,0.29353261490062144
11,-0.34138815926341093,0.2,-0.14138815926341092,0.44388101182609857,True,6,-17.882397256994693,24.981548026364386,3.294226386561138,0.29353261490062144
12,-0.3575074286709702,-0.2,-0.5575074286709703,0.5033296194737565,True,6,13.449955009420783,-38.52362516083155,3.2203897915100304,0.477318098250032
12,-0.3575074286709702,-0.1,-0.45750742867097016,0.5033296194737565,True,7,7.312499025903733,-18.85746322547247,1.320980759589768,0.477318098250032
12,-0.3575074286709702,-0.05,-0.4075074286709702,0.5033296194737565,True,7,3.777740728634769,-9.212484858745048,0.748833513284721,0.477318098250032
12,-0.3575074286709702,-0.02,-0.3775074286709702,0.5033296194737565,True,6,1.5411422230620966,-3.6249099730689522,0.5467008880388545,0.477318098250032
12,-0.3575074286709702,0.0,-0.3575074286709702,0.5033296194737565,True,6,1.866264922523977e-06,0.0,0.477318098250032,0.477318098250032
12,-0.3575074286709702,0.02,-0.33750742867097017,0.5033296194737565,True,6,-1.6121782733144803,3.627107984961111,0.45590830993832127,0.477318098250032
12,-0.3575074286709702,0.05,-0.3075074286709702,0.5033296194737565,True,6,-4.055683641788127,8.737037364996135,0.5437125610651657,0.477318098250032
12,-0.3575074286709702,0.1,-0.2575074286709702,0.5033296194737565,True,6,-8.200889460176823,16.371791558619652,1.0134881054217566,0.477318098250032
12,-0.3575074286709702,0.2,-0.15750742867097017,0.5033296194737565,True,6,-16.668043929879477,28.174840883325274,3.149827494950575,0.477318098250032
13,-0.4121781174245887,-0.2,-0.6121781174245887,0.5842341487831023,True,7,10.4094217743342,-35.360953860605605,2.8157472669963504,0.7726463393246745
13,-0.4121781174245887,-0.1,-0.5121781174245887,0.5842341487831023,True,6,5.894959001673304,-18.409034805754608,1.4927961262574627,0.7726463393246745
13,-0.4121781174245887,-0.05,-0.4621781174245887,0.5842341487831023,True,6,3.0732803806083018,-9.11263521578188,1.0170606023682676,0.7726463393246745
13,-0.4121781174245887,-0.02,-0.4321781174245887,0.5842341487831023,True,7,1.2439946871603658,-3.5671518406829437,0.8387538800669823,0.7726463393246745
13,-0.4121781174245887,0.0,-0.4121781174245887,0.5842341487831023,True,7,-6.574883838588963e-07,0.0,0.7726463393246745,0.7726463393246745
13,-0.4121781174245887,0.02,-0.3921781174245887,0.5842341487831023,True,7,-1.282946017444632,3.522358572432565,0.7467673457785992,0.7726463393246745
13,-0.4121781174245887,0.05,-0.3621781174245887,0.5842341487831023,True,7,-3.2706590603772905,8.656395301676342,0.7940570112831787,0.7726463393246745
13,-0.4121781174245887,0.1,-0.3121781174245887,0.5842341487831023,True,7,-6.848651992983216,17.16294723348645,1.0778564969867475,0.7726463393246745
13,-0.4121781174245887,0.2,-0.2121781174245887,0.5842341487831023,True,7,-14.377036659864363,31.339802197263488,2.680975150734966,0.7726463393246745
14,-0.37907121279538486,-0.2,-0.5790712127953849,0.5323732800906635,True,6,11.930682061830037,-35.73206584279873,2.8559918514609968,0.5553071794406387
14,-0.37907121279538486,-0.1,-0.4790712127953849,0.5323732800906635,True,6,6.601616260331029,-17.961102755443125,1.2902613114836958,0.5553071794406387
14,-0.37907121279538486,-0.05,-0.42907121279538485,0.5323732800906635,True,6,3.3967801023774182,-8.73213952154476,0.7820428362502733,0.5553071794406387
14,-0.37907121279538486,-0.02,-0.3990712127953849,0.5323732800906635,True,6,1.3847805633033565,-3.433217437795598,0.6101032174181429,0.5553071794406387
14,-0.37907121279538486,0.0,-0.37907121279538486,0.5323732800906635,True,6,5.529656368558418e-06,0.0,0.5553071794406387,0.5553071794406387
14,-0.37907121279538486,0.02,-0.35907121279538484,0.5323732800906635,True,6,-1.4509081420101186,3.433831570875046,0.5464439423619384,0.5553071794406387
14,-0.37907121279538486,0.05,-0.32907121279538487,0.5323732800906635,True,6,-3.7574620583524316,8.628217013595663,0.6109507659681928,0.5553071794406387
14,-0.37907121279538486,0.1,-0.2790712127953848,0.5323732800906635,True,6,-7.6882905392069185,16.50911848692847,1.0095687652261025,0.5553071794406387
14,-0.37907121279538486,0.2,-0.17907121279538485,0.5323732800906635,True,6,-15.809644058440552,29.075536091594007,2.9375300015044608,0.5553071794406387
15,-0.3548115795207359,-0.2,-0.5548115795207359,0.4983917374209549,True,6,12.754331040165807,-34.957441368118445,2.989460085124319,0.5676483523703957
15,-0.3548115795207359,-0.1,-0.4548115795207359,0.4983917374209549,True,6,6.971290651109941,-17.28521990530804,1.314624930511846,0.5676483523703957
15,-0.3548115795207359,-0.05,-0.4048115795207359,0.4983917374209549,True,6,3.654853761866352,-8.622033477807694,0.8199407556234928,0.5676483523703957
15,-0.3548115795207359,-0.02,-0.3748115795207359,0.4983917374209549,True,6,1.5219372344037774,-3.4893538926190777,0.6407370580040584,0.5676483523703957
15,-0.3548115795207359,0.0,-0.3548115795207359,0.4983917374209549,True,6,2.31840444088055e-06,0.0,0.5676483523703957,0.5676483523703957
15,-0.3548115795207359,0.02,-0.33481157952073587,0.4983917374209549,True,6,-1.6050827832204098,3.5254337046573796,0.5394941259987932,0.5676483523703957
15,-0.3548115795207359,0.05,-0.3048115795207359,0.4983917374209549,True,6,-4.0576428557853355,8.53504411862291,0.6158915107228269,0.5676483523703957
15,-0.3548115795207359,0.1,-0.25481157952073585,0.4983917374209549,True,6,-8.244069921306513,16.074574869190258,1.0665599097942216,0.5676483523703957
15,-0.3548115795207359,0.2,-0.15481157952073588,0.4983917374209549,True,6,-16.758543509128128,27.653726937651122,3.1718197568805317,0.5676483523703957
16,-0.37156849693818117,-0.2,-0.5715684969381811,0.5186962364958037,True,6,12.364006004011351,-36.107116076988966,3.062019445001956,0.6318190107393493
16,-0.37156849693818117,-0.1,-0.47156849693818115,0.5186962364958037,True,6,6.775762232538163,-17.969479988804924,1.4116563506984368,0.6318190107393493
16,-0.37156849693818117,-0.05,-0.42156849693818116,0.5186962364958037,True,6,3.512058149733349,-8.854702775477147,0.896569056960022,0.6318190107393493
16,-0.37156849693818117,-0.02,-0.3915684969381812,0.5186962364958037,True,6,1.4403975564048204,-3.509099179221912,0.7032208891644305,0.6318190107393493
16,-0.37156849693818117,0.0,-0.37156849693818117,0.5186962364958037,True,6,8.725171994949826e-06,0.0,0.6318190107393493,0.6318190107393493
16,-0.37156849693818117,0.02,-0.35156849693818115,0.5186962364958037,True,6,-1.5217943478432623,3.559848039749588,0.6011915821023387,0.6318190107393493
16,-0.37156849693818117,0.05,-0.3215684969381812,0.5186962364958037,True,6,-3.8789300004954685,8.73375290238594,0.6569716940926308,0.6318190107393493
16,-0.37156849693818117,0.1,-0.2715684969381812,0.5186962364958037,True,6,-7.876254772600906,16.497189362420723,1.0584128735318061,0.6318190107393493
16,-0.37156849693818117,0.2,-0.17156849693818116,0.5186962364958037,True,6,-16.101629897640358,28.72865332685617,3.0210166390677693,0.6318190107393493
17,-0.3470320292243982,-0.2,-0.5470320292243982,0.4573472919553648,True,6,14.328913606809193,-35.41733958307137,2.9699787634569135,0.3329320274268925
17,-0.3470320292243982,-0.1,-0.4470320292243982,0.4573472919553648,True,6,7.90614390006223,-17.627625654838084,1.1369163910346547,0.3329320274268925
17,-0.3470320292243982,-0.05,-0.3970320292243982,0.4573472919553648,True,6,4.092594082433225,-8.601754710479682,0.5711977826632422,0.3329320274268925
17,-0.3470320292243982,-0.02,-0.3670320292243982,0.4573472919553648,True,6,1.688910033593365,-3.4394964738034517,0.39377005383913144,0.3329320274268925
17,-0.3470320292243982,0.0,-0.3470320292243982,0.4573472919553648,True,6,9.119587178370343e-08,0.0,0.3329320274268925,0.3329320274268925
17,-0.3470320292243982,0.02,-0.32703202922439817,0.4573472919553648,True,6,-1.729601762419354,3.352195175118388,0.32850187062475067,0.3329320274268925
17,-0.3470320292243982,0.05,-0.2970320292243982,0.4573472919553648,True,6,-4.336013849321247,8.039625547707624,0.4456659446142088,0.3329320274268925
17,-0.3470320292243982,0.1,-0.24703202922439818,0.4573472919553648,True,6,-8.736068856718443,14.984110083961092,0.9728955626991175,0.3329320274268925
17,-0.3470320292243982,0.2,-0.14703202922439818,0.4573472919553648,True,6,-17.570906930884227,25.40018549606447,3.231256534942271,0.3329320274268925
18,-0.3638633857012217,-0.2,-0.5638633857012216,0.4698565125430486,True,6,13.769697716137305,-34.64788735978495,2.7391435221974816,0.2888551332167243
18,-0.3638633857012217,-0.1,-0.46386338570122165,0.4698565125430486,True,5,7.587110299625084,-17.332593959985317,1.05134117946609,0.2888551332167243
18,-0.3638633857012217,-0.05,-0.41386338570122166,0.4698565125430486,True,5,3.9120443632050725,-8.427323172226908,0.5116896182902392,0.2888551332167243
18,-0.3638633857012217,-0.02,-0.3838633857012217,0.4698565125430486,True,6,1.5913042242982736,-3.2958896830291806,0.3353558565146107,0.2888551332167243
18,-0.3638633857012217,0.0,-0.3638633857012217,0.4698565125430486,True,6,6.022431334167656e-06,0.0,0.2888551332167243,0.2888551332167243
18,-0.3638633857012217,0.02,-0.34386338570122166,0.4698565125430486,True,6,-1.6663659586631268,3.308918288238892,0.28776924318308283,0.2888551332167243
18,-0.3638633857012217,0.05,-0.3138633857012217,0.4698565125430486,True,6,-4.198599911652166,8.000121092954991,0.39875775107304234,0.2888551332167243
18,-0.3638633857012217,0.1,-0.2638633857012217,0.4698565125430486,True,6,-8.453332815434406,14.956748319690004,0.894583857571784,0.2888551332167243
18,-0.3638633857012217,0.2,-0.16386338570122166,0.4698565125430486,True,6,-17.072996745988824,25.64480168006652,3.037088759222348,0.2888551332167243
19,-0.31100415191178354,-0.2,-0.5110041519117836,0.445960328655044,True,6,14.282094787731864,-34.9250802315574,3.42928853259191,0.5021927930436539
19,-0.31100415191178354,-0.1,-0.4110041519117835,0.445960328655044,True,6,8.19582444393953,-18.358572538943516,1.5956724521467023,0.5021927930436539
19,-0.31100415191178354,-0.05,-0.36100415191178353,0.445960328655044,True,7,4.281765441502528,-9.001235625696108,0.8680236581641095,0.5021927930436539
19,-0.31100415191178354,-0.02,-0.33100415191178356,0.445960328655044,True,7,1.7305283337469273,-3.4785102508274623,0.5945159623461574,0.5021927930436539
19,-0.31100415191178354,0.0,-0.31100415191178354,0.445960328655044,True,7,2.6048371065731914e-07,0.0,0.5021927930436539,0.5021927930436539
19,-0.31100415191178354,0.02,-0.2910041519117835,0.445960328655044,True,7,-1.7699146737790752,3.339962601529992,0.4835935833894864,0.5021927930436539
19,-0.31100415191178354,0.05,-0.26100415191178356,0.445960328655044,True,7,-4.510630879034753,8.101234399465552,0.5978159608730762,0.5021927930436539
19,-0.31100415191178354,0.1,-0.21100415191178354,0.445960328655044,True,7,-9.160795563960816,15.100641496814191,1.1674116326888473,0.5021927930436539
19,-0.31100415191178354,0.2,-0.11100415191178353,0.445960328655044,True,6,-18.45524463083611,25.192495127826128,3.6634839592128485,0.5021927930436539
20,-0.3265757750019328,-0.2,-0.5265757750019329,0.4438719431149927,True,6,14.382640772689594,-34.54971441874722,3.231622331190163,0.336795905874314
20,-0.3265757750019328,-0.1,-0.4265757750019328,0.4438719431149927,True,6,7.995859677403763,-17.27391677342855,1.2653257436911518,0.336795905874314
20,-0.3265757750019328,-0.05,-0.3765757750019328,0.4438719431149927,True,6,4.1978639500931925,-8.517688207580262,0.6302017737001465,0.336795905874314
20,-0.3265757750019328,-0.02,-0.3465757750019328,0.4438719431149927,True,6,1.7201531759308395,-3.3526029931704633,0.40854787852045155,0.336795905874314
20,-0.3265757750019328,0.0,-0.3265757750019328,0.4438719431149927,True,6,3.372866801839982e-08,0.0,0.336795905874314,0.336795905874314
20,-0.3265757750019328,0.02,-0.3065757750019328,0.4438719431149927,True,6,-1.739123866731758,3.193864250452383,0.3331629483028122,0.336795905874314
20,-0.3265757750019328,0.05,-0.2765757750019328,0.4438719431149927,True,6,-4.396427391204146,7.7046570216789965,0.45763816838151117,0.336795905874314
20,-0.3265757750019328,0.1,-0.2265757750019328,0.4438719431149927,True,6,-8.984830626715485,14.50475704100487,1.020708708014418,0.336795905874314
20,-0.3265757750019328,0.2,-0.1265757750019328,0.4438719431149927,True,6,-18.110133057894263,24.41111412497896,3.414251659953025,0.336795905874314
21,-0.3420401088873946,-0.2,-0.5420401088873946,0.4893267231646023,True,6,12.81028016263695,-35.49847284436298,3.3287165628369615,0.605290805528733
21,-0.3420401088873946,-0.1,-0.44204010888739464,0.4893267231646023,True,7,7.2994244750728114,-18.380281533800893,1.5661546283504566,0.605290805528733
21,-0.3420401088873946,-0.05,-0.3920401088873946,0.4893267231646023,True,7,3.8439664291032956,-9.137761427966687,0.9380366049771348,0.605290805528733
21,-0.3420401088873946,-0.02,-0.36204010888739463,0.4893267231646023,True,7,1.5786899388385227,-3.6158262293869585,0.6981185351383822,0.605290805528733
21,-0.3420401088873946,0.0,-0.3420401088873946,0.4893267231646023,True,7,1.8169956393733592e-07,0.0,0.605290805528733,0.605290805528733
21,-0.3420401088873946,0.02,-0.3220401088873946,0.4893267231646023,True,7,-1.6111377360672465,3.486637907417181,0.575666406457617,0.605290805528733
21,-0.3420401088873946,0.05,-0.2920401088873946,0.4893267231646023,True,7,-4.055411746888904,8.390397313108025,0.654175496976256,0.605290805528733
21,-0.3420401088873946,0.1,-0.2420401088873946,0.4893267231646023,True,6,-8.323123778210313,15.91379395620884,1.1235437338282992,0.605290805528733
21,-0.3420401088873946,0.2,-0.1420401088873946,0.4893267231646023,True,6,-17.02891575930552,27.404264565641935,3.3149377662973536,0.605290805528733
22,-0.3280552396614474,-0.2,-0.5280552396614474,0.48818717778643694,True,7,12.917459727222532,-34.31040757417281,3.2770724985309365,0.5635415581832215
22,-0.3280552396614474,-0.1,-0.42805523966144743,0.48818717778643694,True,7,7.362745572010003,-17.723737484811693,1.5064852860331435,0.5635415581832215
22,-0.3280552396614474,-0.05,-0.3780552396614474,0.48818717778643694,True,7,3.9135319217499194,-8.883209541574209,0.8876726842287308,0.5635415581832215
22,-0.3280552396614474,-0.02,-0.3480552396614474,0.48818717778643694,True,7,1.6049112675974657,-3.5146080002959286,0.654189157888549,0.5635415581832215
22,-0.3280552396614474,0.0,-0.3280552396614474,0.48818717778643694,True,7,1.0726380667184852e-07,0.0,0.5635415581832215,0.5635415581832215
22,-0.3280552396614474,0.02,-0.3080552396614474,0.48818717778643694,True,7,-1.622784670506188,3.3490645048417234,0.5393134853130643,0.5635415581832215
22,-0.3280552396614474,0.05,-0.2780552396614474,0.48818717778643694,True,7,-4.101158394602188,8.084225998792514,0.6273780054746672,0.5635415581832215
22,-0.3280552396614474,0.1,-0.2280552396614474,0.48818717778643694,True,7,-8.448856638135537,15.367139812283234,1.1191225750735185,0.5635415581832215
22,-0.3280552396614474,0.2,-0.12805523966144738,0.48818717778643694,True,7,-17.206624671372154,26.208377392527712,3.3710701310531594,0.5635415581832215
23,-0.3726118622980048,-0.2,-0.5726118622980048,0.6355890539756592,True,9,9.107717792033384,-29.844930458916217,3.117689378647807,0.9764361986217921
23,-0.3726118622980048,-0.1,-0.4726118622980048,0.6355890539756592,True,9,5.287718437774918,-15.889165403839426,1.807583946041242,0.9764361986217921
23,-0.3726118622980048,-0.05,-0.4226118622980048,0.6355890539756592,True,9,2.858133249090754,-8.189715619449423,1.3114496706251928,0.9764361986217921
23,-0.3726118622980048,-0.02,-0.3926118622980048,0.6355890539756592,True,9,1.173015516296655,-3.2483769728500587,1.0816154983205586,0.9764361986217921
23,-0.3726118622980048,0.0,-0.3726118622980048,0.6355890539756592,True,9,1.054743203656993e-07,0.0,0.9764361986217921,0.9764361986217921
23,-0.3726118622980048,0.02,-0.3526118622980048,0.6355890539756592,True,9,-1.211810131829464,3.1893853062931763,0.9154593683480164,0.9764361986217921
23,-0.3726118622980048,0.05,-0.3226118622980048,0.6355890539756592,True,9,-3.0974351232345403,7.848473620947807,0.907594242244058,0.9764361986217921
23,-0.3726118622980048,0.1,-0.2726118622980048,0.6355890539756592,True,9,-6.500197064360664,15.327530451593157,1.1594596594194582,0.9764361986217921
23,-0.3726118622980048,0.2,-0.1726118622980048,0.6355890539756592,True,9,-13.82635975884133,27.86517845909861,2.723051165350289,0.9764361986217921
24,-0.3408099251403272,-0.2,-0.5408099251403272,0.49592599739204396,True,6,12.151526425379116,-33.693121732426505,3.099822212172822,0.5215385675856813
24,-0.3408099251403272,-0.1,-0.44080992514032724,0.49592599739204396,True,6,6.723553122002603,-16.84987332498547,1.3745677358230841,0.5215385675856813
24,-0.3408099251403272,-0.05,-0.3908099251403272,0.49592599739204396,True,6,3.5171287574915566,-8.318723929854709,0.8092324249736196,0.5215385675856813
24,-0.3408099251403272,-0.02,-0.3608099251403272,0.49592599739204396,True,6,1.4485944464704115,-3.3057605511497883,0.6014945439653024,0.5215385675856813
24,-0.3408099251403272,0.0,-0.3408099251403272,0.49592599739204396,True,6,2.2175425674310325e-06,0.0,0.5215385675856813,0.5215385675856813
24,-0.3408099251403272,0.02,-0.3208099251403272,0.49592599739204396,True,6,-1.4817827910078512,3.1962610202116064,0.4990140029026582,0.5215385675856813
24,-0.3408099251403272,0.05,-0.2908099251403272,0.49592599739204396,True,6,-3.872042407310819,7.9870261159158416,0.5794832203902207,0.5215385675856813
24,-0.3408099251403272,0.1,-0.2408099251403272,0.49592599739204396,True,6,-8.183897791409894,15.61022369099807,1.0506369206538206,0.5215385675856813
24,-0.3408099251403272,0.2,-0.1408099251403272,0.49592599739204396,True,6,-16.90684822436135,27.146923420554906,3.24670874137954,0.5215385675856813
25,-0.33250362140498874,-0.2,-0.5325036214049887,0.5422648906663092,True,6,11.710650077791058,-38.14766563579842,3.904237184475758,1.1507218578988698
25,-0.33250362140498874,-0.1,-0.43250362140498877,0.5422648906663092,True,6,6.499015351095645,-19.24422091827413,2.125164590870437,1.1507218578988698
25,-0.33250362140498874,-0.05,-0.3825036214049887,0.5422648906663092,True,6,3.4700410124021843,-9.891888411719275,1.5608644046342655,1.1507218578988698
25,-0.33250362140498874,-0.02,-0.35250362140498875,0.5422648906663092,True,7,1.4534427105800591,-4.072873142511498,1.3022817607513248,1.1507218578988698
25,-0.33250362140498874,0.0,-0.33250362140498874,0.5422648906663092,True,7,1.8566075637023514e-07,0.0,1.1507218578988698,1.1507218578988698
25,-0.33250362140498874,0.02,-0.3125036214049887,0.5422648906663092,True,7,-1.4749620812214999,3.890788163937144,1.06658092683117,1.1507218578988698
25,-0.33250362140498874,0.05,-0.28250362140498875,0.5422648906663092,True,7,-3.800168237158323,9.565453494383071,1.0658467710308246,1.1507218578988698
25,-0.33250362140498874,0.1,-0.23250362140498873,0.5422648906663092,True,7,-7.885379891085214,18.28343396467733,1.424378630077077,1.1507218578988698
25,-0.33250362140498874,0.2,-0.13250362140498873,0.5422648906663092,True,6,-16.3084263722532,31.65199211856222,3.4875360094849217,1.1507218578988698
26,-0.40358974498809,-0.2,-0.60358974498809,0.6429960101403146,True,6,9.130287339909573,-37.06983875293658,4.0922769991189805,2.2427487634701406
26,-0.40358974498809,-0.1,-0.5035897449880901,0.6429960101403146,True,6,5.087862815204394,-18.91786470861657,2.867741328292319,2.2427487634701406
26,-0.40358974498809,-0.05,-0.45358974498809,0.6429960101403146,True,6,2.641381531491003,-9.351634396077811,2.4576840188326368,2.2427487634701406
26,-0.40358974498809,-0.02,-0.42358974498809004,0.6429960101403146,True,6,1.077418663875146,-3.6936419032319883,2.302227281068439,2.2427487634701406
26,-0.40358974498809,0.0,-0.40358974498809,0.6429960101403146,True,6,8.073361495828144e-07,0.0,2.2427487634701406,2.2427487634701406
26,-0.40358974498809,0.02,-0.38358974498809,0.6429960101403146,True,8,-1.1827636884842656,4.119087786740789,2.162459895463822,2.2427487634701406
26,-0.40358974498809,0.05,-0.35358974498809004,0.6429960101403146,True,7,-3.077412092639049,10.419931965231834,2.103218583090437,2.2427487634701406
26,-0.40358974498809,0.1,-0.30358974498809,0.6429960101403146,True,7,-6.382610170349102,21.08996993885271,2.0749085396237494,2.2427487634701406
26,-0.40358974498809,0.2,-0.20358974498809002,0.6429960101403146,True,7,-13.4482035383729,38.92859306175856,3.173741089350846,2.2427487634701406
27,-0.45817393160451764,-0.2,-0.6581739316045176,0.7348143031427687,True,8,7.592052764897853,-38.08151568677356,3.846232269511134,1.862139294282386
27,-0.45817393160451764,-0.1,-0.5581739316045177,0.7348143031427687,True,7,4.358678821158846,-20.397761957053557,2.6985534181836064,1.862139294282386
27,-0.45817393160451764,-0.05,-0.5081739316045176,0.7348143031427687,True,7,2.312155950245167,-10.29519667707512,2.197334803142349,1.862139294282386
27,-0.45817393160451764,-0.02,-0.47817393160451765,0.7348143031427687,True,7,0.9663940673006078,-4.17075879054707,1.9749204856431652,1.862139294282386
27,-0.45817393160451764,0.0,-0.45817393160451764,0.7348143031427687,True,7,2.3833471352726844e-09,0.0,1.862139294282386,1.862139294282386
27,-0.45817393160451764,0.02,-0.4381739316045176,0.7348143031427687,True,7,-0.9950101032941349,4.177337230116795,1.7701711631291221,1.862139294282386
27,-0.45817393160451764,0.05,-0.40817393160451765,0.7348143031427687,True,7,-2.533398267883459,10.28414907689342,1.7006464261859322,1.862139294282386
27,-0.45817393160451764,0.1,-0.3581739316045176,0.7348143031427687,True,7,-5.335215069975018,20.60509352330021,1.7395258469370551,1.862139294282386
27,-0.45817393160451764,0.2,-0.2581739316045176,0.7348143031427687,True,7,-11.569685753572452,39.55915297380835,2.6547172009808264,1.862139294282386
28,-0.3729158145330115,-0.2,-0.5729158145330115,0.632001653251217,True,7,9.278132153200765,-42.919209932673525,6.181984275183033,2.754811914034331
28,-0.3729158145330115,-0.1,-0.47291581453301146,0.632001653251217,True,8,5.447382262529337,-22.824926128835067,4.200788799224009,2.754811914034331
28,-0.3729158145330115,-0.05,-0.42291581453301147,0.632001653251217,True,8,2.8311322853186067,-11.54607488445223,3.4308131118339555,2.754811914034331
28,-0.3729158145330115,-0.02,-0.3929158145330115,0.632001653251217,True,8,1.1680933701671463,-4.629858389943344,3.0017802782527636,2.754811914034331
28,-0.3729158145330115,0.0,-0.3729158145330115,0.632001653251217,True,8,6.116266823947322e-09,0.0,2.754811914034331,2.754811914034331
28,-0.3729158145330115,0.02,-0.35291581453301146,0.632001653251217,True,8,-1.2125705618819063,4.618290891464051,2.543246120081765,2.754811914034331
28,-0.3729158145330115,0.05,-0.3229158145330115,0.632001653251217,True,7,-3.101728067177356,11.397101835046199,2.3129435815321444,2.754811914034331
28,-0.3729158145330115,0.1,-0.2729158145330115,0.632001653251217,True,7,-6.382062139274311,21.778272335208293,2.244473401177312,2.754811914034331
28,-0.3729158145330115,0.2,-0.17291581453301147,0.632001653251217,True,7,-13.41869933248294,38.900118771962596,3.3251683753757977,2.754811914034331
29,-0.40256022346884446,-0.2,-0.6025602234688445,0.6728268658214194,True,7,8.234954422176022,-38.410546203142104,4.539270251683571,2.246746972838776
29,-0.40256022346884446,-0.1,-0.5025602234688444,0.6728268658214194,True,7,4.682439993360401,-20.406271965947,3.2322959733717584,2.246746972838776
29,-0.40256022346884446,-0.05,-0.45256022346884445,0.6728268658214194,True,7,2.4610748012898607,-10.22726909881906,2.6542847108824974,2.246746972838776
29,-0.40256022346884446,-0.02,-0.4225602234688445,0.6728268658214194,True,7,1.0177171747039622,-4.093443573650617,2.385165015174203,2.246746972838776
29,-0.40256022346884446,0.0,-0.40256022346884446,0.6728268658214194,True,7,-1.2455115417761806e-06,0.0,2.246746972838776,2.246746972838776
29,-0.40256022346884446,0.02,-0.38256022346884444,0.6728268658214194,True,7,-1.0802348193675164,4.154893421748027,2.141953423265461,2.246746972838776
29,-0.40256022346884446,0.05,-0.35256022346884447,0.6728268658214194,True,7,-2.849145142129046,10.747326998601288,2.01720426650444,2.246746972838776
29,-0.40256022346884446,0.1,-0.3025602234688445,0.6728268658214194,True,7,-6.05159597587761,21.80139897455572,1.986680767938864,2.246746972838776
29,-0.40256022346884446,0.2,-0.20256022346884445,0.6728268658214194,True,7,-12.98597396046021,40.42875240897528,3.0975933869644536,2.246746972838776
30,-0.42082276969216387,-0.2,-0.6208227696921639,0.6963899084921182,True,7,8.392179468036279,-39.30861557366082,3.953420345496195,1.8310516083027997
30,-0.42082276969216387,-0.1,-0.5208227696921639,0.6963899084921182,True,7,4.7378535203831404,-20.724168812850888,2.7104430528959456,1.8310516083027997
30,-0.42082276969216387,-0.05,-0.47082276969216386,0.6963899084921182,True,7,2.486431569172529,-10.448357735935277,2.199652518560136,1.8310516083027997
30,-0.42082276969216387,-0.02,-0.4408227696921639,0.6963899084921182,True,7,1.0173149783596716,-4.160067593254851,1.9569150241252278,1.8310516083027997
30,-0.42082276969216387,0.0,-0.42082276969216387,0.6963899084921182,True,7,-8.808003624226208e-06,0.0,1.8310516083027997,1.8310516083027997
30,-0.42082276969216387,0.02,-0.40082276969216385,0.6963899084921182,True,7,-1.0616597850887834,4.188912761789035,1.7328102700550405,1.8310516083027997
30,-0.42082276969216387,0.05,-0.3708227696921639,0.6963899084921182,True,7,-2.7468165693951283,10.45867555971197,1.6592562356835174,1.8310516083027997
30,-0.42082276969216387,0.1,-0.32082276969216383,0.6963899084921182,True,7,-5.869006747606663,21.21665920707382,1.7094231541901452,1.8310516083027997
30,-0.42082276969216387,0.2,-0.22082276969216386,0.6963899084921182,True,7,-12.615492333360832,39.68560368492891,2.8554393633734896,1.8310516083027997
31,-0.4009279564051449,-0.2,-0.6009279564051448,0.6403045309021939,True,7,9.34624320241311,-38.812896820003026,3.917090759228069,1.594245529957442
31,-0.4009279564051449,-0.1,-0.5009279564051449,0.6403045309021939,True,7,5.465946938605821,-20.812362818286186,2.501441207839501,1.594245529957442
31,-0.4009279564051449,-0.05,-0.4509279564051449,0.6403045309021939,True,7,2.845106711808776,-10.392219455604147,1.9609824239402156,1.594245529957442
31,-0.4009279564051449,-0.02,-0.4209279564051449,0.6403045309021939,True,7,1.1633690023435943,-4.110014622971108,1.710864973741296,1.594245529957442
31,-0.4009279564051449,0.0,-0.4009279564051449,0.6403045309021939,True,7,3.2015921618401748e-06,0.0,1.594245529957442,1.594245529957442
31,-0.4009279564051449,0.02,-0.3809279564051449,0.6403045309021939,True,7,-1.207636039634624,4.080709134574915,1.5176132343607807,1.594245529957442
31,-0.4009279564051449,0.05,-0.3509279564051449,0.6403045309021939,True,7,-3.1391177682152263,10.328080722413317,1.461849744294515,1.594245529957442
31,-0.4009279564051449,0.1,-0.3009279564051449,0.6403045309021939,True,7,-6.552236795279091,20.398904027134623,1.5950793014744173,1.594245529957442
31,-0.4009279564051449,0.2,-0.20092795640514488,0.6403045309021939,True,7,-13.732751222552231,36.95220129332252,2.9837850342170906,1.594245529957442
