sku_ID,beta_posterior_mean,beta_posterior_sd,bucket
00104dbcd7,2.490345163140743,0.6595080837568466,4
0059cabfce,1.195192331244059,0.40788493665923714,7
00cb69d8fd,1.9149482483972171,0.6702621463882882,5
00cc0c688c,1.796022577757337,0.5669752729943012,1
00f1fd5798,1.9993335679189324,0.6374193611568416,8
00f6b3b501,1.8909039533857834,0.6611962722742307,0
01326007f9,2.3684912643758453,0.6624403545162414,4
019dedb453,1.3665153856440524,0.3410688835629955,4
01c99f44fd,3.5397109977019805,0.6612234692073895,1
01c9d91829,1.9924735842635617,0.6143084556578676,8
027604c03a,2.5603452870693566,0.46643006530559755,6
027761d794,2.2302255487938485,0.6613747867635857,7
035b3ae617,2.245141529060092,0.6836040085320121,2
037a7eaab9,3.416912146304198,0.6735038249227923,5
038abb41a5,2.341355748928991,0.652558792700306,6
03c4e04481,2.2518079503966546,0.7207823960894096,1
03d4dd643d,2.5035833258167086,0.6586818550188971,3
0465eb5c83,1.858496885966796,0.5980441138229404,2
0468a93480,2.713031120796283,0.5679516081638516,3
05274e692a,1.957594178022272,0.6012148527995357,7
05db087f6b,0.6989768426648534,0.734206845521608,0
067b673f2b,2.39791974908884,0.45183636283242135,5
068f4481b3,1.904604015964003,0.6270172461678805,9
06a9c19d19,2.000754520490456,0.6722727789671246,5
06d3312eb0,2.1844427692499115,0.6072574173793538,5
07beb67f19,2.0293718446587805,0.6352789664472607,9
084c17855b,1.4891330491571753,0.7912896066837224,0
0867a302b3,3.067500440346237,0.5179710457905888,5
08a61ca4e9,2.009179751848348,0.6299546672161974,4
08a8d07a32,1.7463530168862167,0.5809882957134634,0
092bf5c53b,2.980956360630983,0.659685307368118,2
093f8b489e,2.300949064357126,0.6957445577708761,2
09444e6fc5,2.242412142161159,0.6481153028095281,6
09461f8da9,2.481481573742042,0.46398571092733726,2
094d5649f7,2.413912254977983,0.6011211579426076,3
097617cf91,2.7248103789718603,0.4099208829156358,2
09b70fcd83,2.325180068540423,0.6975042888407356,2
09b82fac47,1.2648292673183241,0.2866489555194961,2
09c5701662,1.6590799334545923,0.7166148074033221,0
0aa7e6b035,2.0906376435930563,0.4405509341311227,8
0b16a50488,2.309506347302652,0.546702931415818,7
0b2fd9f253,1.87076332096442,0.4245537346053285,0
0b3421cc2f,2.0138317948751885,0.6320772107773915,8
0bfcedf96d,3.724372480444213,0.6220443794109362,7
0c08397153,2.2497506386813213,0.6299462614901463,7
0c578edf9d,2.234575298120023,0.6590992943948051,5
0c8653db6f,3.637175811262177,0.5593288997762809,2
0d0047ca21,1.582873301803731,0.6740194618370182,0
0d195bc9e8,2.40880878912185,0.5859038215195009,4
0d3bb02a09,2.1725195537475614,0.678058671108115,6
0d8269a25c,2.681009245407224,0.5702853823416948,3
0e0989fb7e,3.225899758348459,0.3847424925607428,7
0e0e8d8fb4,2.1953994311954714,0.6540380129865956,7
0e5f9e5881,1.929506588259448,0.4307793092049892,5
0eb4088cb7,2.7244956406854866,0.6401516418511365,8
0f39ba16fa,1.9771939122761966,0.5002766041113826,1
109d4a081f,2.349853703094623,0.6616640619399559,5
10d369ef96,2.339289694409029,0.7222472773516058,2
112de8fe8b,2.2184317832089757,0.4062822476211882,6
11fe993823,1.414628512973889,0.505197450151777,3
124236a59a,1.6750479389775097,0.5203361825557968,1
12797fae91,2.0565054659954876,0.5479831660746389,1
12e30c41d2,1.9396003892659968,0.6300640603112702,8
12e5f27006,1.5707440106306574,0.8571073825947549,0
13582f4af0,2.0569551900052265,0.5472796693748864,0
143ff351a9,0.7112709531326179,0.45030627576224563,1
14dd743b19,1.9745797485727643,0.6506755760925576,6
14e1926805,2.1566008753686914,0.6426434118459846,6
150a935961,3.6593752528136494,0.4947473740831514,1
1522e5a003,1.7334844661794795,0.5105539869991608,1
159aae0d4c,2.1552594971750385,0.6051426356697461,8
15bb848d24,2.433829164999438,0.6940345283812754,4
15dbdfc0dd,1.482112338164302,0.479133656028963,7
16111b2973,1.7592126529454635,0.4368594772669218,5
1628851236,2.1287004837784527,0.6388168401418299,8
163ab9ae99,2.8908674892873822,0.48958229466301606,1
16d4637b5d,2.52043553809298,0.41397525593042517,7
16e6020874,1.9962738128046749,0.7429492962769814,1
17054160bd,1.736949236202748,0.635230177670424,8
170c695e8a,1.980583931435614,0.6245856945951181,8
179cb54d5b,2.344160237531588,0.6947597651357015,3
17d39c83cc,2.2521671368813356,0.5389901662043866,9
17f589d2e0,2.8630276196062394,0.5923267276272766,3
187f5f0e3e,2.347717254465559,0.616390008378248,6
196556a598,2.6408514972360186,0.6368416060112347,2
19749d47c6,2.2670285042496094,0.7035522140067532,6
197bb1c505,2.546429103210277,0.505933795724437,5
19fa84df76,2.072531581838377,0.45771061414996184,3
1a2362c248,2.672218251971599,0.4526425375391372,7
1b3f5d4d21,2.58485566231542,0.5611967794782937,9
1b7f66c43b,1.6712629662915919,0.8000376858076034,0
1bb70c0d36,2.658395113752717,0.631530150017432,5
1c16282add,2.484365187296153,0.5893516437176465,9
1c9dec2696,2.017844529851578,0.6299096888121489,9
1d1322acca,1.00656808981385,0.7660187554240503,0
1d1e21c937,2.10331543111995,0.5861559663614457,4
1d35e881f9,1.0324640806366825,0.17267094708981418,0
1d3b8e84d1,1.779994991765493,0.6286461511757017,8
1d5ffa8485,2.4209650349614202,0.4632901613781135,5
1e4d2db819,2.914516369970554,0.6285505906164028,3
1ecdfb0e7a,2.373539819369243,0.7000623809660669,2
1ed5d54069,1.4933625941502573,0.3072026892432002,4
1f7022ba56,2.1688782632474046,0.6193248099178514,7
1f73dca9b5,2.8951243500396004,0.4388944317767319,3
20437d2bf4,2.2804262509764093,0.6415722604186918,6
2096e81519,2.21154395108664,0.6343207286949213,6
20dfdf27af,2.336284803402155,0.693744229736196,1
212af8c02d,2.2058240209756708,0.6974501688116541,2
213fdcf150,3.084598664442132,0.48891371971671715,3
2189b70880,0.6700556697436542,0.14061689742806513,0
2191d2c4fc,2.0472750068628467,0.6179827450448198,8
21d6d5bba0,2.2896306554262305,0.6502823902718103,4
21fb935d86,2.5610640532304467,0.6696326451717955,3
220d3a1415,3.1590306175424394,0.5680971861002524,5
23015831b0,2.3743244524512748,0.6651972851025422,3
23553000ce,2.033720955651774,0.6260258582780993,7
243f72c34e,2.3917427843522194,0.690657376530539,3
2459a97bb9,1.8598711230329752,0.6099107867814364,8
246e6ef6fe,1.9898547520558527,0.6022707676719108,9
249a2ef398,2.3316809797244127,0.6775288013527989,3
24b4b476ac,1.9608383550787072,0.650158818640111,8
2523d051fd,2.380642242828972,0.5926240340842136,9
25294a5255,1.2645430210366086,0.42767415456714236,0
2570eac124,1.0959299028891192,0.6720176012985758,0
259ac48bad,3.1855219473569165,0.5769645462502538,4
259cf1473c,1.6267885422289037,0.39319360889795874,1
25bb9108b3,0.33822764775145353,0.6225298723911799,2
26ac0ddc9a,2.367668466921006,0.6490478261900786,3
26e48fec3f,1.618948273141259,0.7722837617025998,0
26e590cf39,3.4972871444748472,0.6144153589139337,7
274b538b26,1.1453290799159606,0.12487436164739253,2
27a82eccd3,1.6527666326322763,0.6505237920788606,3
27d647c12b,2.247697266775444,0.6791387098028394,7
27d8c800fc,2.664160566950275,0.3827508339539077,3
2842c7ce5d,2.1928811071707126,0.665920374261045,7
2875387e96,2.3602400740483707,0.49816605033585537,5
28b2c51af7,2.839896376316674,0.6552732259194155,4
28d5600aac,2.519043643432292,0.6427701545594512,4
29e4f19c34,2.1930280157430846,0.6802204434094787,1
2aaaca6b6e,2.217813492832405,0.6560828516029146,7
2b5bc1eb2f,2.9258262084693802,0.5253034125289009,3
2bba12a78d,2.3533169789815562,0.6629476110329909,4
2cb79462fb,1.3134770134225648,0.43458658130457123,4
2cdce8bcb1,2.4290678294561174,0.6772429201736978,4
2ce44c54aa,2.279502824401402,0.6646992788506005,7
2dcaae8366,2.049380661749576,0.5960266577289821,9
2ddb64e05a,2.278399928658442,0.6430906649981469,3
2e06817802,2.214227374855907,0.5674210471349027,1
2e6929ecb9,2.1685873112427316,0.6413580968375855,5
2e69af1fdf,2.6435989376065043,0.5283842832287524,7
2e9edf9c28,1.810566043836435,0.6296320279052896,5
2efec424df,1.9253778714683354,0.38597827922675,0
2f038132e8,2.372080161374495,0.4739855417804236,7
2f268cf558,2.107854053787101,0.5652146465183526,9
3006be8d9d,2.2705623471537892,0.6912655582859774,1
303d1408fa,2.0015887748941856,0.5889279083835707,6
30751566fe,2.3514652053170395,0.6717325670953784,6
308d5bcbd4,3.1833805641881545,0.6058069087428094,1
30c82f45dd,1.072340535186984,0.7958262398902373,0
310ca2e122,2.987708279782349,0.44895236251961435,3
31eeb8c813,2.3016115271548236,0.660552559060229,5
32118a2170,0.5625047075601618,0.48016127975446143,4
32257a8103,0.8758909915764107,0.3066851537565346,2
3277f07585,2.0723568807755974,0.6340170843068216,6
32b23207d0,2.2571634756061676,0.6387173043052854,5
32c0b31fb8,2.303102253906903,0.5895257547834072,7
32f809464e,2.8094489960870597,0.5458360986019962,5
3320c0db64,3.6550080014775084,0.42820578214458316,1
338da7f7e5,1.8619010160193743,0.5741067978217321,7
33b53e1b64,2.6350864889087275,0.6497778146810214,1
33c69136a4,2.244440047408764,0.6687726253176361,6
3418d59e22,0.9269857050725515,0.5295243285715642,0
34587d5a06,1.9092852228187402,0.534367647820066,3
345e86916d,2.370682611395915,0.6677896992976984,3
348d198012,1.754613297427022,0.6394530487220288,1
34a1046884,2.202453667290099,0.7050917157925966,5
34aacf58ff,2.1698449906408874,0.6555887880428949,8
34aed97174,2.069495457137319,0.6536134507255026,8
34dc7f6d80,3.7108583318160484,0.538307895982258,3
35674a6b48,3.1777075216948787,0.4566414576462447,3
369eb7dbd3,3.156418273886306,0.5399883380756939,1
36c1d3a3b9,1.7762709281407452,0.5614342449879327,8
375d4a9a65,1.3724326321052622,0.39318831944389665,3
3767b112e8,1.8659744053609735,0.6142853013613084,8
3786a631f5,1.983034158031752,0.5928697305491438,9
3791b54a5a,0.5410433398371056,0.4067891396874131,0
38676d45f5,4.32338618256322,0.4998950618117255,4
3894ac444b,2.2731642187554826,0.7025041147416291,1
38d636d2a6,2.002857583822674,0.6590130406430323,7
39e56755de,2.171174638428231,0.6021565148352858,2
3a64d9667a,2.692784557624978,0.5048423026529664,5
3a8e212d9e,1.8350589261423014,0.6456332152641716,2
3b35c256ad,2.132939767864096,0.5851951587091324,9
3bed0f0515,2.315634127701205,0.7373587029186738,1
3bfffa1cfa,1.7137191402940564,0.5235682565676034,7
3c0e1b743c,1.0618215105040516,0.5794801831274302,7
3c79df1d80,1.8814461444059645,0.6357904371009193,2
3c953b3822,2.34839930596151,0.6975079635416015,2
3cc808ad20,2.145865839247386,0.6269323068233642,7
3ce8749fee,2.4296142781863126,0.5040528741597051,3
3d531a5f0e,1.973836673573226,0.4489055616967779,7
3d5fa3dec8,2.1125171301814336,0.6844883585816816,6
3d858f4a21,1.8568978778753242,0.45612931007594393,5
3dd5460585,2.705355701008186,0.6870495528994707,2
3e290dff84,2.309424256113153,0.654943844523575,5
3f13393d3e,0.398653008246547,0.2309267844121015,1
3f787efcbc,1.8041203304259896,0.6224402523903408,9
3f83e1dbf4,2.2956811286743894,0.704129909933982,2
404bc2083a,2.365322482092537,0.6767733872939309,1
40966842ef,2.227370785882282,0.6505135452956018,7
40ae9f0d67,2.2055057330127625,0.4710833543501925,6
416aed740e,2.059350762999932,0.24122070148004165,7
419bc2446b,1.9177136262667223,0.5756977303418485,6
419ce0964a,2.1843652657005603,0.6381484858541083,7
420bdd395d,2.382649596907436,0.7033247323105927,4
427bea8ec7,2.265613354530065,0.6716842232581001,3
42f1013cdd,2.368457513445027,0.7060345366623683,4
42f8338d93,3.3664580269767397,0.5486152915748514,7
42fdebaa3d,1.5295098694252507,0.654950322015176,1
430abd619f,0.10939903661701858,0.32268605705475845,0
4336d67c86,2.332683994591576,0.5053484866015943,5
43966748f6,0.7688122619815463,0.5479584802902956,3
446fc72895,0.9629285054765248,0.15478060078094397,8
449c05c9c8,2.145646812579476,0.548986956065608,0
44a82b170c,2.0899390452278848,0.6134611841052374,8
44f7caadd5,2.6825868356743388,0.6853351337452437,2
459831a3d5,2.1096743978919297,0.6400467225628396,8
4639121a45,3.290044374876724,0.5345427311862283,3
46effdd6ff,2.259754989561696,0.7199663765914373,1
481dac0e58,0.5211646295857735,0.499589130224612,2
489e39741e,2.1412353325108717,0.5782733115458739,5
48c26fa27d,2.3726176009752167,0.6897782354253061,4
4929a3a7ac,2.130874129065332,0.6382395614918216,7
49501bcf46,1.3234729802207614,0.5487417689184032,9
49ad890e8e,2.163495889727815,0.6048741843270435,1
49e4648610,2.2213422807932544,0.6701877984178212,6
4a1b64c050,0.5773593199479409,0.34720660379569,5
4a915b7b62,1.850400466733573,0.5964517007829074,4
4abbc52c37,1.831526844475492,0.7409643871054158,0
4b65db43ac,2.6079050062268947,0.4647497068110188,4
4bc98a7499,2.2250456030085033,0.6469118717095869,6
4bebe20d15,2.0014775315881232,0.7059645601081741,0
4c81b29e5c,2.0936019883051142,0.6708740000660852,5
4cc8f09850,3.0293083895932065,0.6478771699215562,1
4d0ccffb72,2.477957271083133,0.6935701588934814,2
4d380cf119,2.356029312975345,0.5629151027303639,9
4d9f23c326,1.9065356994294924,0.5372222921889828,0
4da2507f14,2.211747549524439,0.6788125202469691,4
4dab662872,1.6928594172376032,0.7899620334521568,0
4dffe8578b,2.7633655376165334,0.5879585687295237,3
4e34be8e8b,2.6454400428856126,0.6198231975862162,6
4e5e5c04a2,2.16337287556966,0.682317472779488,4
4e919b00c3,1.922001724174474,0.6253532800044634,8
4ef2e3a18b,1.865595126263665,0.5912025487539567,4
4ef4bbfa4e,2.222193318476715,0.7097613978123279,1
4f62903827,1.9154996200201404,0.7174148180901826,1
4fb20ef7c5,2.0467958934124644,0.6226138231015068,8
4fddb23b0b,2.203469253261442,0.6245799218898226,9
4fe57b6fb2,1.9436666021724605,0.6071260014257692,9
4ff04958c9,2.4331501741164017,0.5229428498182772,8
5092056c8a,2.228069780842949,0.6534637196573584,6
50b53a8536,2.288566233355684,0.5977093107815217,5
50f6f91962,2.034499109390476,0.6813574850881414,3
515681ff8f,2.2177688845298715,0.6834597509676078,6
5173dd4602,2.8904823977949246,0.5452234361188705,6
5177446f80,2.1831033120222063,0.7046783258561127,4
51da628bf9,2.1732455180344354,0.5464752644352476,8
537c906ec0,2.6328898270686967,0.5880832058818205,4
539f02a522,1.5433001889649942,0.8705871473323316,0
53a4623aa9,2.808792126307317,0.6177195126403476,3
53c4b04fcf,2.067796407313812,0.6772778038492714,4
5483430ce1,1.7103980705857482,0.4967098023781106,8
5564787f40,2.0796516541485075,0.6429786263926096,8
5565e189af,2.2731694601151777,0.6792508323199205,2
557f7790d9,2.338006705122015,0.703270779178905,1
56b746bd59,2.1111722402282007,0.644341954180157,3
57399f9289,2.985673187156188,0.26251064643114164,4
57f48cfb44,1.7376385163434342,0.6404462451220021,1
581d5b54c1,2.0223522694482017,0.5789492755163324,6
586a05c7df,2.0411136730853365,0.569260226949412,9
589c2b865b,2.5542570224314964,0.4516069726217626,4
58f283581d,2.0797734525979394,0.6821304696811017,4
59112d580a,2.292507532109225,0.6540457590246099,7
593b9c70a6,2.953076737795428,0.4846627571712251,6
59ad1f5b3a,2.786536763936879,0.6164286184487225,5
5a316a382f,1.9281548026772952,0.6205858302339099,7
5a745fb2ca,2.753210709390573,0.5349393222713527,5
5a74cf635c,1.9785809279152315,0.4912425107436497,6
5ac0776890,2.2825719430273046,0.6165150797791238,3
5b472a34d3,0.32834525041368745,0.4031951014029131,0
5bbc09f6b3,1.0667350373012807,0.5913055795039802,0
5bc7233fdb,2.195193762663239,0.6402473647538149,5
5c0e359c9b,2.6808338412591852,0.677730821833614,4
5c15aed2ae,3.254436784146078,0.3877680219878699,6
5c34dfdf6d,2.387963957736698,0.6503156725887062,3
5c4440c9d2,-0.0015470669026427725,0.36324475351910585,1
5c58b30eee,2.322663400086945,0.47384733628666253,3
5d0370c7e1,2.1853690484874875,0.3742886506370006,6
5d6fe2f69b,2.2121060589974104,0.687695757771437,2
5e417fca35,2.1880765659921964,0.6533575121596434,5
5e48179187,1.8959752823111853,0.6168320504846065,9
5e8c44aa29,2.237314282388799,0.656923525501945,7
5eced3cd82,2.0515874823612483,0.6852401776684331,5
5f413aa088,1.9516194613041882,0.6606526140521447,7
5f58bfd286,2.641342473036108,0.48612787142350794,3
5f7dce4e3e,3.5690191925202157,0.6600485112795174,2
5fd53c6e40,2.247875905694723,0.644948916614257,7
5fd7b0d6f9,1.9544605267853363,0.3102085525840019,6
608bbb9de6,1.75544856315745,0.7453571448879207,0
6095748da0,1.0800481242366944,0.4075129585399819,0
60e40f546d,1.6864468230957774,0.7274821247242405,0
61035415ba,1.9945913507490391,0.6299676512913922,6
6151b7e009,2.41311598709217,0.6924464563812125,2
6178c2ce1a,3.5518939039144115,0.6988376476433458,3
61d2064f05,2.7521012285430864,0.5813613116290379,1
61fd12c10d,1.8949758098106402,0.49139978572282317,8
622d8bff29,1.960555774021587,0.5072716995805985,3
624b63249a,2.006885938205136,0.6379122017742892,9
624d9c4ec9,1.8160989363089444,0.4064403630198928,5
6299ef49ff,2.262535889896489,0.6830037963616673,5
6313e02fcd,2.44282788841821,0.6223721178385123,5
6376ec8fbd,1.6252263925165846,0.5411973350967686,0
637a52ea80,1.827823921405527,0.6373331056936823,8
639cd4f668,0.4077816836348052,0.34052126591733967,1
63e0004aa9,2.3070392967282003,0.5641058346345559,0
63e15f99b5,2.024735864810824,0.6229667907542846,5
642188915b,2.0600296213113705,0.49165627664094,0
6481edb584,2.342457142371434,0.6798015146150793,4
64f100aaee,2.3783781754890105,0.7001224361540858,1
65d2875d48,3.1109840130724673,0.562932252937962,9
66192e955e,2.447230145497896,0.520135816605238,6
667bce9acb,1.8238451154699007,0.6488124418786203,3
6682394982,2.3094579865109477,0.5970554694027552,9
6691174140,2.478268102359813,0.6310917162592253,4
66ab6d8963,2.3190671701075893,0.6680170684944894,2
66bd21ebf1,1.9715912654420615,0.6318039956657913,4
66e8497bed,2.0881703992269793,0.589379255601856,7
67c265a7e3,2.3741091702953194,0.5854522229352791,2
67d185f070,1.4365870732671633,0.39894461601360287,5
68bd181431,2.216785483783637,0.6969759037372066,2
68c347f03a,2.267319869300888,0.495828082261179,2
68c4d8ccbc,1.7129834385285565,0.7512898041039218,0
68e4c9d332,2.2715991805298312,0.6913225108357701,6
6910262d3f,2.0791100637116675,0.6428260968086889,4
694a068026,2.5614611652883617,0.527252087775004,9
69e0a0cc28,2.7565494656467844,0.5768298843695002,2
6a0f1004bb,1.7589469646013103,0.5753196358327956,9
6a2f4535b5,2.19516891871074,0.7075203858814831,0
6a38ea30ff,2.20221342028375,0.6416538311947502,7
6a5068a815,2.19188671676451,0.6548204008004207,5
6aa54e6566,0.5272376927182207,0.4251412993072632,4
6ae4031fc2,0.894750261823679,0.4240988322978059,0
6ba6594fcb,2.1705055391224395,0.6998545251372715,1
6c1e1c8b24,1.9789653623021193,0.6262085271866338,8
6c27bec2b3,2.160112437987461,0.6516897372392835,7
6c89d04428,1.720985329975312,0.7334792594925309,0
6cb24edcc6,3.3098839065468018,0.523216426618372,3
6d24823d55,2.411540990542491,0.6341940625379593,7
6d7b6289e5,1.725995457773424,0.6210311613532276,9
6d9363335f,1.6129683989360393,0.3492692949843658,1
6da843324a,3.2619672505905744,0.39183961298786085,7
6dfbd25800,2.5730634177451894,0.48488453018164546,4
6e18cb9666,2.0880525687098537,0.6206989555302006,9
6e3757a374,2.5973233240519527,0.6465434585138816,2
6ecf550500,2.2042960463432606,0.5003105108009365,3
6f05e11ace,1.7641763068070015,0.750713651966357,0
6f44f9cd42,2.2035223238004553,0.6469700497829154,7
70a36b0912,2.3483978671124888,0.6712757912616399,2
7111e96b8a,2.0519535748830604,0.594070997490121,8
7116578cc0,2.9101543671232197,0.5514607884190326,4
715e33266b,2.1599327882052113,0.6722799649037144,7
71f058bbfb,2.5377586999295634,0.6401528636522511,4
71f49ec147,2.2334206429768537,0.4614845281789223,4
7284168d95,2.1640452043131284,0.684933757085895,7
72a0ac4025,2.0544486502786388,0.6078783681166776,9
72b1ad2949,2.2246587903536263,0.6733570857516364,3
72b8198d57,2.637338978106392,0.67625197762822,4
73a35b0b33,1.9357275033028498,0.604606512293135,9
73af671ce8,2.557649444859009,0.5938170592591203,5
73cb3c508f,2.143033912128938,0.38446711200709266,3
73efdedd42,2.087099234487054,0.5279782784837832,5
740bab6bc5,-0.032243093940146794,0.5219082269706586,0
74cad691fb,1.3571606383883714,0.4782748577525844,2
758d170ca0,1.6607623141923324,0.6073271990465209,5
76473bca7a,2.2605496417959827,0.5096219924393042,7
764b9e8d29,1.607960031499816,0.4355930398615592,6
767ac490ed,2.3155803751019857,0.6604689002740102,6
76cc6fdac7,2.0678768648903514,0.6035646372984276,9
772c7f75ac,2.9200815293979963,0.5399446627877533,1
7768383014,2.5671022337244125,0.6751635481173289,3
778731bb8e,1.9427101141498067,0.6266963300410893,8
7800a54f20,2.0614647782973075,0.6429401063844641,5
7827ebf59d,2.229600202612535,0.6460632052539564,7
78783be222,2.444694005500855,0.5871967446716642,9
78ea5ee36b,1.9598117839080202,0.5874588944164228,8
791e5df6af,2.5452041694533514,0.5828012265087517,8
79748d5eb1,0.7310379388892051,0.488833592039771,6
798cf1bd9f,1.7615464044697953,0.43837764401150414,4
79f5b95244,1.939254110073341,0.640893064277047,9
7a612679b7,2.533910582133844,0.6408447476886339,3
7a8de59725,2.245391915938136,0.6612566370959928,6
7af1d39e64,1.6835257398830235,0.38565554671202606,5
7b2c610aac,2.6698203568513947,0.5732487080304969,1
7b2cba6483,2.196135559628514,0.6923161134461192,6
7b7fa7795c,2.4955638799583104,0.5819580344072738,4
7b86b8fd4d,2.39524354151475,0.6400729097645537,4
7bcaa1a143,2.22110160917299,0.6347155960801328,7
7bd9527342,2.2434199283439957,0.6471354153977192,8
7bf34e25f7,2.9502002606127493,0.6275814082596698,0
7c3627ba7c,2.630693927753927,0.6090589298236567,9
7cc3c11ff0,2.904911780016073,0.6995163324293884,2
7dc1fc309a,1.7321257753612513,0.6307752088148444,8
7dc6b90c71,0.2232543390648657,0.5368088952709381,0
7df8c9a3d3,2.08266509225276,0.6996228347027529,5
7e36d28066,2.1195413474575284,0.6530709354901207,7
7e4cb4952a,2.129285901632339,0.5747017837605571,2
7f00381e12,0.05800081384614631,0.5034887260672152,1
7f0ddbcdde,2.5732180257296062,0.5859579704135901,9
7f11665a26,2.738061548926023,0.6269307264484286,5
7f2b576e8d,1.880519378741642,0.6661933964537338,5
7f53769d3f,2.349037668212854,0.6735539020886095,3
7f947c0055,1.730568873715785,0.6368289894869589,8
7fd441baf3,1.3558710108927798,0.37488056592304664,2
80047aad87,0.7087272058171831,0.45983150538050543,1
8038a0e904,2.2404696425964183,0.6442289551032804,6
80b50a65c4,2.0809720554363142,0.5482685862215787,9
80b5f44fd3,2.137547803206511,0.4970126032068768,7
80bb988f8d,1.0482980559836972,0.5602963781194586,6
81047a4426,2.074189263433685,0.6104886404235502,8
81231464ae,1.684425266855518,0.5278947478891888,9
81a9d97548,2.0245220364088548,0.6269425541121729,9
81e57cbc50,1.5888403828322506,0.6204448871876105,8
82116e22ee,1.3845295498174695,0.6254201344297571,6
821c799b50,1.2453466469302714,0.5695410440293049,9
8221a35c32,0.6630688395665665,0.15616827258022212,0
82c2ce8c30,3.4218004376546762,0.47786540282050427,7
82dbdd801d,3.5500416204931686,0.5066037283325304,4
833119379c,0.746866879014117,0.5583609584628171,0
839eae131a,1.5075571764443443,0.5302126446991162,5
83a9b73a1a,1.9091172363679298,0.652903009850537,7
83aa29b4b8,2.051148784574097,0.6623018864102845,8
83e24b70d5,2.6055748955456783,0.5613194584100821,4
8418f41eae,1.9772837883009813,0.6076783668120129,9
8456e413bf,2.0081875354629273,0.6082078722487566,9
8482873e46,1.9656006204319072,0.6491064240155999,8
84be7a47f7,1.7887393120855002,0.6483526552707966,5
84dfce89c5,2.0596143712646398,0.6201488050390909,6
85efcbee79,1.6683506795000946,0.45110400164097564,1
85fce0f07b,2.3127765463975836,0.7000150826272376,2
8619100cfb,2.0844839889943474,0.4829106267033526,1
8620efc31e,0.36921230052726234,0.4998325584914692,0
862278ff88,1.913487216903374,0.6392110103714381,1
866390a7d0,2.0395348082431686,0.6320255760891546,8
86e60ceac8,1.6870834123929426,0.6133338674796032,0
872290b0de,1.7502629872231776,0.46473249342154915,0
872a6ff8f6,1.4112209453346884,0.3784405497156434,0
874550ea93,2.4422073643821753,0.3431948194427247,0
8890167ba7,2.3529573197201086,0.6774474274210556,4
889362eff3,2.013211904735524,0.6333666562791562,8
889c2c41c5,0.6348301853864304,0.11496826440587543,6
88a3f2a14b,1.992176397271283,0.6367172306281818,8
89843c3a18,2.2899960880444814,0.5914659834334068,9
8997efece9,0.9942200772387658,0.32668542342976803,4
89a4b76166,1.7553095143153143,0.6032414783475977,8
89f3796b30,0.8330247432968579,0.27899114587674617,2
8a2e72367f,1.2859428725661617,0.6698440905147682,1
8a52225c56,1.8323099354701264,0.5060694447264381,2
8a6fe9343e,4.057090426776164,0.5388648566799213,3
8a94ebe448,2.9600244780838616,0.5131926053397161,4
8ad5789d74,1.833660095845888,0.5484449469527075,9
8b1da9ae03,1.6346095257339714,0.7703077118944589,0
8b4102867f,1.599680271947417,0.8177823191816039,0
8b66725802,2.867983768387297,0.5006507314672035,6
8ba371f129,1.8435771371273564,0.3969342968761422,6
8bbd87b411,2.0052679016103436,0.6186497870180648,3
8ce2dc2dd0,2.091472830258822,0.6073368571817485,9
8d248d32c7,2.1558485617267675,0.29531809666279185,6
8d5f73c188,2.798979490085304,0.5691420677175059,4
8d643cf7bf,2.192586627168558,0.5975897311827856,9
8d9a104b4b,1.0626387546636205,0.4911481465701733,7
8da781e2bd,1.392014110524805,0.5446994665046525,0
8dc4a01dec,1.9124174098276183,0.5373329332246024,4
8dd82f6cd5,2.55001053433257,0.417806144436552,4
8e7d2952d2,1.9470108184617314,0.6634558834939037,8
8ebb9c1dd7,2.161585422478306,0.6522953945828888,5
902d744bba,2.1665408300620648,0.6260696125713868,8
904f4bd4c4,2.0193898750864467,0.6834435203062025,3
904fbf8b97,3.4798879105486793,0.45177056904517243,2
909cdb73d1,2.0499005298565502,0.5620142463789933,9
90a8e42962,2.8093497978915662,0.5527078650163193,7
90cf164371,2.6841276471734217,0.6704350036921626,6
915cd3c4c0,2.105233607532926,0.640339562630509,5
9196e14eb5,1.97374389673616,0.6736056678947987,1
91a5ffa7cd,2.2185818907877746,0.6675435982149356,7
924eba6741,2.5126872298537024,0.591845729370244,9
92726ecc94,2.233358670332758,0.7129394784210051,1
92cdc83754,0.2963925577903477,0.158864153342184,8
92fc881154,1.8094685440387521,0.6343687268709938,5
93301ecfed,2.3524913211670158,0.6023754671705942,0
936186ff18,2.446691171434451,0.6120904906100708,7
93e45f6367,1.186296835562457,0.3566009498067525,1
93f9bac4b8,2.976568039566098,0.5343104463312381,2
9400341a22,2.1882009892322336,0.6831551219869915,6
9400971aad,1.6320690524922878,0.44301341408764544,4
94486e2d96,2.362252209534172,0.5870848948468836,9
945094e307,3.339154966207151,0.5098323959304315,3
9589d3f054,1.8412454233874056,0.6482761010147775,8
960f206683,2.7564205783686844,0.5099731460665033,3
96125ea76b,2.417550595778549,0.7147712626157579,4
961d88f1b9,2.2270416267317605,0.6977774267913033,3
96cf9f1175,2.2241083593793727,0.664323023651784,4
9720b458c3,2.653676863644233,0.5022387074126288,9
976a2e0b23,2.4187957672164906,0.6550882339004576,4
98386d9ba5,1.9658716692824358,0.5793063822087448,9
983881b2f3,2.1162596607693045,0.6805780056966035,1
988a95ea32,2.6518943966315933,0.5606619780940045,9
988b1ddfe9,1.7266414264655763,0.7214312352925639,0
9916f9b98b,2.0059975177879954,0.5162740007794673,6
9966a330e1,2.102908928157842,0.6795892466998557,5
998973282c,1.9539993195928003,0.6383620305314094,8
9a237bf52f,1.5813976258388693,0.4296457005299592,0
9a5f4c6413,2.3657478290523137,0.6222300444405059,1
9a70582209,2.3127552747492683,0.6413665482794052,7
9ab7657395,2.236091449950944,0.5833686145004888,9
9ac31152dd,2.2206293426254913,0.5558520721198152,9
9b2a3314fc,1.030335681696623,0.45350791164468884,0
9b80fdd4a7,1.7609552879787271,0.6253924996804302,5
9b84f6aa6f,2.278845049020443,0.6547478220648705,6
9b98cec8f8,2.6814000758668564,0.629892364135017,1
9bd4140987,2.0149076777407218,0.4047503541411806,7
9c71a03bd3,1.8662515610705706,0.5867081828320336,4
9cf49fef9d,2.2947241424848532,0.6923141830835968,1
9cfecca1a4,3.1756074896065805,0.631432146511864,4
9e452b5aee,2.427634672706348,0.5399015202670681,5
9f0bf84ff1,1.1853597851149846,0.5205294829004172,7
9f38bd9ae8,1.7287726294003423,0.5589546345668055,9
9f7388280e,2.341434894356705,0.6797606637026701,5
9f75371b6a,2.2121083589420185,0.6919794641919871,5
9f829279bf,2.013418666595553,0.614707447770942,8
9f84ee35b3,2.0782212556666213,0.6964465026768133,1
9fe8149e02,1.981589442111753,0.6053053361508802,9
a066ec0e40,1.3297032238920101,0.4881642981377615,1
a07e4e8669,2.678638023228579,0.5166988041054646,1
a1616fdf0f,2.067511739087582,0.6641294272450492,5
a176e8af93,1.7905655335681157,0.5097231719852305,3
a195ab9024,2.0705950189760887,0.6955074980699438,1
a1b0f57464,2.4603090455891783,0.6374575342518687,4
a1ba5e695e,2.2678321562434225,0.6491274354064176,6
a1e75e307d,2.3400438465858455,0.6844855413867044,3
a25f66eace,0.9561041843333591,0.610760107599336,8
a299cd7dee,2.288412804584513,0.6634847726070028,6
a2f38db03c,1.6575562329351516,0.5653609166197661,2
a35f6a2420,0.8904746100571687,0.3216044275226457,1
a3d5be01b0,2.062230635459577,0.7360862701976467,1
a409efb30c,2.404567602589037,0.6958540410091454,4
a50234652e,2.339235822770761,0.7351856289346045,1
a51719acf0,1.1893106560855526,0.8178555796722748,0
a5582c6d4f,2.572698599243761,0.6454467933657162,6
a56b0b1c10,2.1819895070016524,0.6468616553162568,7
a5a1311679,2.1163452251813726,0.5883934100043752,9
a5e4632325,2.3336092380449664,0.7114413479906403,2
a6fd4d9313,2.274148240434885,0.49719404513811033,9
a791decdd7,2.186489588283165,0.6424953291463746,6
a7f79d01c8,2.026955459821095,0.668545544567837,4
a815ac9989,2.2284032586541525,0.6890967477599756,6
a837f7b13a,1.9550277675177292,0.6266762269947636,8
a83b0f90d5,2.084153269646995,0.6209101548031499,8
a86fd639f3,2.809307016359371,0.4617537844664214,4
a8cf2a12e7,2.452166610083016,0.6108595824930474,3
a8f9ed127b,2.3735644468913994,0.6037559375559435,5
a928d43104,1.076052655558839,0.46251615709229194,0
a929b13ba3,4.08164111758414,0.5707867471829464,2
a945d1ac4a,3.524420836323013,0.37011926441173004,8
a94dfd9736,2.5200439910764216,0.44295525189448587,8
a95264d124,2.069459288992349,0.6412698069679288,4
a976e4e00e,2.1111678934399336,0.6384214246192225,2
a98da24f7a,1.4025974413646198,0.3623436649019497,5
a9e02f429a,2.2512970838012776,0.6827926706715748,5
a9e826c3ab,1.0319752664654196,0.4942945257939367,6
aa0fcf0fb6,1.9712765938796664,0.5064506844167104,2
aa1cef969e,1.8633276474148386,0.631318593559331,8
aa31cdf860,2.147872005349912,0.6091485960137613,8
aa71ad878e,1.7387149512210622,0.5618399588817078,9
aa85316b73,2.33833031443145,0.6928018007705794,2
aafc661cec,2.079726288163277,0.4796769542189894,3
ab43189f51,2.212044025604345,0.7272969327841331,1
ab5f54528b,2.2186252881368675,0.680005743351216,2
ac0cd64708,3.1020812730026224,0.47556846717431617,3
ac1c7b22ce,2.0434081824190486,0.598514905469525,9
ac20ae6572,3.334926615402562,0.45351391549487086,3
ac61f4e10e,2.5766033703432862,0.4726046955377799,6
acad9fed04,2.280731015033402,0.660423963728703,6
ace4efc6a4,2.367904333802418,0.6966536389120597,2
ad0b5ddfa6,2.6012598552336734,0.5855789461681902,7
ad71b48a82,2.8191837247325973,0.5873246833478627,4
adfedb6893,2.0136112017492236,0.5319681796956429,6
ae1c48d86b,1.9175976549991471,0.6429763131659514,6
ae51b9b872,2.1209473490829867,0.6453311031378646,6
ae7e5c1027,2.354885491154882,0.6959676704796615,2
aedfdd0c11,2.7891091874240814,0.6230470654096076,3
aefceb7422,2.2889431705030487,0.6981590920725229,1
af0b2278bb,2.083816710011585,0.5360238060165698,2
af94cd1455,1.9845935791545537,0.6156586269262109,9
afd795015b,2.80503688467509,0.4892994637843544,8
affc60006e,2.215460911066196,0.7151787312283108,1
affcd7de5e,2.0515582444602845,0.6258167493583195,9
b022d8b2c8,1.2936257844840422,0.81122034785072,0
b0456a3304,3.3407937799554355,0.6013556806612465,7
b09d095c23,2.1691876289882632,0.692221099468623,6
b0afc0c16f,2.11114822724239,0.6697839540879584,5
b10b452ea9,2.7362988606868517,0.5460393402116926,9
b1c286b285,1.8230748292577639,0.6518087519274112,0
b242c46c95,2.564755013340063,0.6787859203549838,1
b2826ee2c4,2.1167284247867943,0.5037236937860694,8
b378989140,3.5371144960291883,0.47886383058367277,6
b381b253e3,2.63614556266079,0.6849946610167548,4
b3ef67b9ad,2.5505136576426266,0.6178836278933443,9
b440ecab32,1.4182495867279947,0.5684745595094128,4
b4481957a5,2.062981202796586,0.6096825640310156,4
b4ac267fa7,2.4512377841170485,0.6870292855169682,1
b50aea85c1,1.7328884416666137,0.6135505452717901,4
b549290f65,1.86042721143982,0.6516510308968974,8
b5cb479f7d,0.6620058157187181,0.4349882729531931,2
b616c3b114,2.361670365396982,0.7089939900492235,1
b6a3f95eab,1.8296785351642761,0.615618484293814,9
b7499ab5a8,2.2383058905887445,0.665241157475265,7
b84d9b1b62,2.4003971763903245,0.4949537038174349,1
b85cab3552,2.6988383313776185,0.570528301398568,3
b8c182c74f,2.75945834160798,0.5729413126868782,9
b9324fefd8,2.195581396749628,0.636135508066733,7
b93f30ccd4,2.556368360382829,0.6884357491762721,3
b980b02c98,1.665016649196588,0.7386557003845035,0
b9f08a2a2a,2.5406010132821355,0.6088699447782494,7
b9fa9b1eda,1.9687541416354202,0.5897612640191409,9
ba5103c029,2.2509920564727914,0.6683215904255274,6
bbd228d8db,1.9232828896242877,0.5938342913559876,4
bc3a61df6c,2.7196335637533093,0.45831026145591114,7
bc51385b63,2.382083738198561,0.6824830094041954,4
bcd03e6d07,1.8948933864039472,0.4948577983102692,0
bcdd6bdeb0,1.7916637075324238,0.6569776617599393,4
bd27bf28a1,2.2896184843966854,0.4936344799535948,5
bd495afa38,1.6638248808876168,0.5068105139062726,7
bd65b0b5cc,2.0977590585691392,0.6710658839128364,2
bd736865b5,2.1784533295130815,0.662106179175984,5
bdd77a095c,1.4594025308052523,0.840161711246344,0
bdfd2fe2b2,1.5665319841642307,0.5276697399125988,2
be00790566,1.8066886694875524,0.6349506104743465,8
be66876ce2,1.462579457928879,0.8045026818602031,0
becc0ebd64,2.3782439478526842,0.6386788770061893,5
bf4941bd94,2.5703530763916964,0.6698429860537463,2
c00c0d1af7,2.10475949078515,0.648370459283914,5
c06b66be68,2.1333664886677677,0.632395094485527,8
c0a519de24,2.2249203419566146,0.7217958335000149,1
c15e79ffbf,1.3213058710749594,0.5326977931351167,3
c1acb7043c,1.0083475892438731,0.584375199994748,2
c1e33c3564,2.6755176841567576,0.68877985673502,3
c221dacac1,2.1133126475230086,0.573218789706573,6
c2343daf70,1.9953518816015772,0.6652064461761199,6
c23b6ff4cf,2.403358070401297,0.6220537690731487,8
c26445d4ed,1.7298143186261716,0.7149145218774472,0
c3a110fed2,2.0472771995980805,0.6090815482311595,9
c404ae0086,2.019884645331296,0.6388820663484773,1
c4858d9437,2.300866091532449,0.5818981418991677,9
c4c37a4b57,1.5787837314010054,0.38364766486864305,1
c4ea4afceb,2.2918270997356527,0.6271783564132523,7
c4ff8911d9,1.725369565394527,0.6197168456218969,1
c562a73a30,2.132268276577017,0.6479283143234764,6
c56544784c,1.8052506363705934,0.6133888437928777,8
c5b67084fe,1.851150331088396,0.5915849838020754,9
c5b9c5adc3,2.118415178039552,0.4657760362532545,5
c5c5bed056,3.2849287319576708,0.3920747104718603,9
c5e9fb9411,2.2528924519615505,0.6436322501912862,7
c67af7996d,2.3708933683842757,0.6191608068511572,2
c76a9ca5a8,4.371342275970821,0.46756914683976214,4
c7c64b8851,1.8965470121720391,0.7060131971540099,1
c818b4a3a7,1.7426221418628196,0.6659832033027767,1
c83b8aa9b4,2.075816030216321,0.5057256263359521,6
c86e096420,2.474370629567417,0.5628637716775861,2
c8811ecdbc,2.019850470945997,0.578665456900026,9
c895dc4c68,2.612185592245331,0.6373244809403718,3
c8bedbab3a,2.2867662498994368,0.6765592519736091,6
c8eb8c6942,2.083221081799694,0.654620952024345,6
c8f22c1c47,2.1584528293585503,0.6830698797285044,6
c8fbcd8357,1.8826595246014772,0.3734798867681366,7
c94c3083c3,2.158857541369503,0.7051402864901398,1
c98d32ff09,0.9113912641459555,0.11415845751728154,2
ca2a4f6d7b,1.7244541398693825,0.5631529519766335,6
ca7647a231,1.9302080003456068,0.6761557756733835,5
cac1c0d91e,1.9819782343058716,0.5088614168722251,4
cb28082574,3.4278165100752016,0.6241501695732138,2
cc53f9a1ba,2.304275017008866,0.5752008845236302,9
cca20cfe3a,2.28260082733425,0.6256009672804917,2
ccceb52cc9,2.3063584500383087,0.7198212123141705,2
ccf8ac9fbb,2.06999577141978,0.5911166924876722,9
cd27963552,2.1824039309019603,0.6754461986052303,7
cd94856986,2.0535294938191724,0.6684925796796859,5
cda2e97f54,1.6397461545744285,0.5300183813899852,5
cdee05b50c,2.4253764038318257,0.5734252212314157,9
ce35b83746,1.0504339030919043,0.5894047019411877,4
ce945e2542,1.832246777138392,0.6473204837911566,7
cfbf0361b1,2.1944100454767104,0.625819569897252,7
d0ef33e780,2.4441213599792677,0.6587117173357119,3
d0f488ea78,2.234483193572298,0.6706330975003773,4
d17d9135b0,2.1463287652338963,0.554497147833066,0
d1e650797b,2.546611955366379,0.6512671428083906,3
d28b124936,2.2338725747168087,0.7059850621546259,1
d348b799d5,4.085484577106956,0.611695740577119,6
d3ddd5dc80,2.6058321165898897,0.6040724696288156,7
d3e31fdd6e,1.0725931426263782,0.13384226739620475,0
d418d1f368,2.02384852476598,0.544403761201466,8
d46418ae55,0.4201692944163616,0.16728649536192894,0
d47c6ca631,2.511991943883623,0.4768741869373302,6
d501b58817,1.4964024052082736,0.6157594130319007,8
d5753123ae,2.2031041331716916,0.6274409678753199,2
d58b0fa451,2.2397019491235244,0.6355665755972902,2
d59f051828,0.9948823968611519,0.4166215411278004,0
d62e755beb,2.369562878152873,0.6896391669338222,3
d64c38db9d,2.0637327231739375,0.6342669135232814,5
d6b8f7e319,2.1767941232094463,0.6494166372618665,6
d6da3b2341,2.3105586357484227,0.6756027348757834,2
d706c111b7,1.7663910103446236,0.7599976158116325,0
d7840714b0,2.7593722314083347,0.6262310721599954,2
d7b669cfe3,3.2701420516023143,0.5584638926023717,2
d7d6bd5e1a,1.6770514879031757,0.5712087464525653,9
d7fb0acf46,2.7965544396079656,0.4814362852219512,3
d82981395d,2.0121245909116494,0.6345534629836148,8
d829f03a28,4.125117431194437,0.5596161843107321,2
d85322ebcd,2.364453976051045,0.6969755372352945,3
d90c5cab0a,0.7401194076825887,0.2671293030776467,0
d9d7c2ea92,1.9998485468778906,0.6941660935968625,6
d9f70a0db7,2.042084720608763,0.4128856489148034,1
da5c02042d,1.587212088550576,0.758876494193499,0
da6dcd0f92,1.8914744868895692,0.6259198054305591,8
da80ac026d,2.4214498693122795,0.6075440479069097,5
da820f9753,2.048053762273086,0.4379983379535336,1
da8f9b6430,2.213916745225718,0.7133513271752453,2
daaf703c92,1.5426131120431952,0.6245371593624705,0
dacf9ea2b9,0.9260730482596883,0.697635451577514,0
dae8400f3b,3.151943271927963,0.5531316649993585,5
db7c62ad2e,1.7864519419501284,0.5386121350513312,3
dba41df9d5,1.4572364426788316,0.5026541541892233,6
dbc41299a4,1.7332809636607869,0.7481300906839856,0
dbcd0aba13,2.1079641092503247,0.6855667686430423,5
dbd7816ef6,2.6905082895998587,0.5631570618655977,6
dbd945bd02,1.9818540330217111,0.556270523671278,0
dcb3ae25de,2.2297608797132757,0.6324042564594134,6
dd1fed906f,2.011066747088043,0.561961391226005,9
dd36c9a244,2.8545836924357744,0.64682434557259,4
dd66aee3f1,1.960918998413935,0.6344545661400155,7
ddaa740c11,2.182349257379582,0.61249831589888,9
ddb200220d,2.001779539418707,0.6502837215683565,0
ddc4b28a36,0.9502636949647181,0.7623386784101447,0
de241adb44,2.1419418546164946,0.7105267729285493,1
de819ff8bc,1.998446458021795,0.672665802924604,5
deb22f29dc,2.1231901393050148,0.5069596026342214,2
df1e0453e3,2.325544871847258,0.6632409149499832,1
df224dda22,1.597098058246559,0.49048749980027456,7
df3e1b86fc,1.6477383681739086,0.7850499683762923,0
df41c980e1,2.179502854795037,0.6790982217662417,6
dfb128a1ea,2.1860965687952687,0.6283667141925641,7
e10f4af735,1.1754917063728834,0.2857319020540538,0
e16647394b,2.0358834749220667,0.6016061985121671,9
e237f26793,0.7329793553655758,0.43865441309182923,7
e31c925bb7,2.0846903792078,0.7090525710768348,1
e38268dcdd,3.595094195216244,0.6424004044531477,2
e3a30530f7,2.4307235187077136,0.6862314485003438,3
e3b8f370c1,3.343139486292372,0.5538777446193881,4
e3cfca8e43,2.003810058693809,0.6239705913130167,9
e49a0fc0cc,2.3337795932524155,0.6878677847648053,2
e4bfb94af7,2.4962091937692272,0.5428324494688394,2
e5499d5feb,2.1558153919799716,0.6559927889643061,5
e605abf1cb,2.3091840990900585,0.6464902963540804,3
e657d28083,2.279897463981644,0.6905817602614587,4
e6d3373786,2.108280338185073,0.6374802063913716,9
e70e1b6d84,2.1628381226759132,0.6407781019304972,7
e77f6a1baa,2.020191630085564,0.5216908694881599,8
e794318c2b,2.7159069316635502,0.6685973495316719,2
e7e4aaf290,2.2623067640780032,0.6196225887067042,7
e85b85e5d4,2.1852959090861663,0.5721487292059477,5
e8c2be3ffd,2.172440527190769,0.7039252671367244,5
e900db511b,2.25641188284304,0.7070973549966357,5
e986af2a35,2.7382345983134857,0.5895507455522649,3
e99eb7d131,1.8417909239082584,0.6090304411227753,9
ea09b0ae71,0.8178178507435173,0.15061033575278163,0
ea70d44ee5,2.74747663536499,0.6365240481033146,6
eaa2524751,1.6235514324817146,0.4547474518589276,8
eab3b33779,1.710661937087484,0.7460263908216065,0
eab991b99f,2.2692583741713044,0.685429591116456,2
ead6c3fe20,0.31106795494762507,0.4924045787168955,1
eaff2a2c8f,2.076323881603354,0.6504891994630058,7
eb26b56257,3.533621470620324,0.6134116210397152,3
eb31e02f4e,0.8344436890189364,0.32870334425897957,0
eb3f2d2fd8,2.9439622063252844,0.4514770516630391,6
ecc00df0b6,2.4924968073956433,0.5716685617178267,9
ecf4205e39,1.248389119508981,0.39517949370783784,5
ed1de286b2,2.4944275069099744,0.6402890076119327,3
ed7a6a7cd7,2.3134660541270198,0.6620631079931069,3
edba4130b3,2.15216449880505,0.6885474614176021,1
edc782daad,1.5759504034797356,0.32321398600492196,3
ede47a888c,2.0627227382378606,0.6179124810060608,8
ee22b69cd7,2.0077824379760747,0.6471447890865225,7
ee39a980d9,2.1301651781049356,0.6450982959172936,6
ee4d784e1e,3.472640448494341,0.6779783085050298,3
ee9a78c941,2.072225073309076,0.3827608401297026,5
eee5d41df7,2.384486023720393,0.5788607467652118,8
ef2a89248f,2.071309208518258,0.3964083038599236,2
f03dcc68f3,1.995140423291813,0.6419818433891689,8
f06e13a877,-0.452686173910197,0.540156326118849,0
f09882f561,2.8925622231327335,0.6176045723562663,8
f0e46bee23,1.1691262441947976,0.49489006730666407,2
f0e625dda4,1.8499828630325694,0.5564793256439434,8
f16794cf8a,2.5204857474331255,0.643187577764797,7
f1c52a01b9,1.7582924717826445,0.6459441490465075,2
f21de7c670,1.8099125258717101,0.6386355402601473,8
f255daf3ab,2.4622443787851913,0.6809715687079647,4
f3a2c03843,1.70113656638537,0.6118526373356877,8
f3bb37b4ff,3.0272744068324213,0.5520834882824575,1
f3bb56c1e8,2.070776021505863,0.34044626610040896,1
f467d56d88,2.1991553766726155,0.6297840084381116,6
f4ff89b5f7,1.9828433648713593,0.6627798431712076,8
f51aa35700,1.7723055021570793,0.7592909886029748,0
f52ec33325,2.4650153373739534,0.549675622772941,8
f5b527bb09,3.1811751428485007,0.6494875062191643,4
f6365c46b8,2.5585813172434815,0.5564351342784535,8
f636e4d9b7,2.0440092065629574,0.6127822112517688,9
f6d16ce759,2.064565241391621,0.4032756990348719,9
f70732e208,1.951472780724776,0.58363365444218,9
f7280c119d,1.809958884640917,0.6018146445959685,9
f8732ae527,2.443198839394399,0.3820007645966525,3
f8892ed05e,2.2591260763151073,0.6504391006913955,4
fa0a1859ef,2.044881560605206,0.5753553474206037,8
fa1ccdab37,3.4267825396732197,0.42170755927370446,4
fa43f4c1a1,1.8963340553280519,0.6170827711882736,8
fa60431f87,1.9840227251093738,0.6037111584415612,9
fa823767ca,2.1024169961180097,0.6863555881642909,6
fafcaac06c,2.6678444357075315,0.6456272067973233,5
fb209ec29d,1.9214411107704892,0.6238422265428469,9
fb44c42073,1.037077253657522,0.4797763841200558,5
fb7bb68f36,0.9566586845363787,0.5018414302471113,3
fb814e5763,2.034030136229778,0.6647742163056936,8
fbce41fd82,1.7884514897483816,0.6248120448826024,8
fc25fe34a4,2.3475011107368253,0.7123755345352043,2
fc728c8ac1,2.818805502795894,0.5814273316738722,7
fc738c9fc5,2.6131486895671148,0.6846716189646379,3
fcec6498d5,1.817453383296797,0.6725973962574686,4
fd10ffd0a0,2.445792711872929,0.5552474276854737,4
fd3985da2e,3.006783452287871,0.5512929246323955,2
fd5b2427a7,2.136304751547038,0.6667660822128214,5
fe64a30188,2.496137463907414,0.5941507525409359,3
ff6f356b13,2.2313311758468997,0.6828499629822727,7
ffa3a4bd52,3.4741899370835228,0.5686614011229014,3
fffe1bd280,1.7518491066809467,0.46252829445276833,2
